1,Esmeralda,Mandler,Esmeralda.Mandler@yopmail.com,55,Las Palmas de Gran Canaria,Western Sahara,29-09-2010
2,Edith,Hillel,Edith.Hillel@yopmail.com,45,Freetown,Brunei Darussalam,06-12-2020
3,Janeczka,Socha,Janeczka.Socha@yopmail.com,63,Toulouse,Pitcairn,05-01-2006
4,Tonia,Klemperer,Tonia.Klemperer@yopmail.com,72,Malacca Town,Honduras,23-12-1956
5,Carly,Rese,Carly.Rese@yopmail.com,36,Harbin,Swaziland,07-01-2012
6,Gilda,Tamar,Gilda.Tamar@yopmail.com,51,Muscat,Mozambique,10-01-2002
7,Mahalia,Ardra,Mahalia.Ardra@yopmail.com,53,Boston,Oman,05-10-1948
8,Flo,Shelba,Flo.Shelba@yopmail.com,25,Puerto Williams,Ghana,27-02-1960
9,Sean,Carlson,Sean.Carlson@yopmail.com,69,Taiyuan,Antarctica,25-10-1985
10,Ofilia,Roxanna,Ofilia.Roxanna@yopmail.com,35,City of Halifax,"Congo, The Democratic Republic of the",04-10-2020
11,Queenie,Catie,Queenie.Catie@yopmail.com,70,Ljubljana,Mongolia,22-10-1978
12,Mahalia,Peg,Mahalia.Peg@yopmail.com,44,Helsinki,Myanmar,15-08-1997
13,Katleen,Wildermuth,Katleen.Wildermuth@yopmail.com,76,Yaren District,Israel,11-09-2006
14,Caryl,Aldric,Caryl.Aldric@yopmail.com,18,Valdivia,Mozambique,02-11-2000
15,Shel,Merat,Shel.Merat@yopmail.com,55,Chongjin,Lithuania,21-10-2003
16,Elka,Engdahl,Elka.Engdahl@yopmail.com,52,Mwanza,Tunisia,14-04-1988
17,Kimberley,Lenny,Kimberley.Lenny@yopmail.com,78,Charlotte,Sri Lanka,21-02-1995
18,Beverley,Marcellus,Beverley.Marcellus@yopmail.com,40,Perth,Yemen,28-09-2015
19,Kellen,Jacqui,Kellen.Jacqui@yopmail.com,63,Lisbon,Romania,25-08-1982
20,Celisse,Anis,Celisse.Anis@yopmail.com,36,Fredericton,Belgium,19-07-2008
21,Wilma,Lucienne,Wilma.Lucienne@yopmail.com,31,Geelong,Puerto Rico,21-06-1967
22,Tierney,Flyn,Tierney.Flyn@yopmail.com,71,Valparaíso,Mexico,27-06-1950
23,Agathe,Berl,Agathe.Berl@yopmail.com,34,Warsaw,Pitcairn,17-06-2019
24,Sybille,Leifeste,Sybille.Leifeste@yopmail.com,42,Kota Bharu,Portugal,07-04-1966
25,Gabriellia,Juan,Gabriellia.Juan@yopmail.com,66,Konya,Cameroon,20-02-1990
26,Brooks,Fancie,Brooks.Fancie@yopmail.com,16,Lviv,Timor-Leste,24-03-1962
27,Jacenta,Peti,Jacenta.Peti@yopmail.com,82,Macapá,Colombia,19-08-1974
28,Shauna,Kinnard,Shauna.Kinnard@yopmail.com,60,Johor Bahru,Antarctica,05-05-1945
29,Karlee,Winthorpe,Karlee.Winthorpe@yopmail.com,20,Quetzaltenango,Sri Lanka,13-06-1965
30,Lindie,Genna,Lindie.Genna@yopmail.com,80,Belém,Guatemala,08-08-1988
31,Flory,Therine,Flory.Therine@yopmail.com,77,Handan,Pakistan,28-10-1981
32,Bertine,Brandice,Bertine.Brandice@yopmail.com,55,Kuching,Christmas Island,14-10-2002
33,Layla,Suzetta,Layla.Suzetta@yopmail.com,51,Arbil,Montserrat,27-03-1945
34,Bee,Slifka,Bee.Slifka@yopmail.com,71,Saipan,Japan,20-06-2008
35,Merci,Olympium,Merci.Olympium@yopmail.com,47,Hiroshima,Guadeloupe,11-12-2016
36,Britte,Travax,Britte.Travax@yopmail.com,51,Semarang,Niger,17-10-2006
37,Carilyn,Louanna,Carilyn.Louanna@yopmail.com,74,Nukus,Martinique,28-07-2011
38,Zia,Yuille,Zia.Yuille@yopmail.com,50,Washington,Solomon Islands,30-07-2009
39,Philis,Mitzi,Philis.Mitzi@yopmail.com,35,Nouméa,Albania,31-12-1966
40,Arlena,Havens,Arlena.Havens@yopmail.com,16,Nagoya,Haiti,02-03-1967
41,Devina,Bandeen,Devina.Bandeen@yopmail.com,57,Port Said,New Zealand,16-12-1957
42,Kaia,Zeeba,Kaia.Zeeba@yopmail.com,26,Kobe,Bouvet Island,07-02-1953
43,Shel,Killigrew,Shel.Killigrew@yopmail.com,42,Odessa,United States Minor Outlying Islands,13-09-1978
44,Georgetta,Stoller,Georgetta.Stoller@yopmail.com,34,Koulikoro,India,29-07-2003
45,Leeanne,Sisile,Leeanne.Sisile@yopmail.com,41,Cardiff,Cambodia,08-04-1957
46,Ira,Tamsky,Ira.Tamsky@yopmail.com,27,Cologne,Burkina Faso,09-09-1970
47,Althea,Tryck,Althea.Tryck@yopmail.com,83,Port Said,Russian Federation,02-02-1984
48,Charissa,Felizio,Charissa.Felizio@yopmail.com,36,Phnom Penh,Ecuador,03-04-2020
49,Chickie,Jerold,Chickie.Jerold@yopmail.com,62,Vienna,Aruba,23-03-1949
50,Vita,Barrus,Vita.Barrus@yopmail.com,56,Linz,Cape Verde,02-04-1951
51,Stacey,Sprage,Stacey.Sprage@yopmail.com,65,Papeete,Mongolia,06-12-1982
52,Di,Tound,Di.Tound@yopmail.com,28,Bratsk,Nauru,11-08-2005
53,Jacquetta,Ranjiv,Jacquetta.Ranjiv@yopmail.com,46,Port Blair,Hong Kong,28-04-1977
54,Brynna,Matthew,Brynna.Matthew@yopmail.com,43,Wellington,Niger,24-12-1962
55,Frances,Regan,Frances.Regan@yopmail.com,58,Brazzaville,Gabon,22-10-1969
56,Rosabelle,Fry,Rosabelle.Fry@yopmail.com,68,Santiago de Cuba,Ecuador,17-07-2000
57,Aubrie,Nicoline,Aubrie.Nicoline@yopmail.com,48,Bandung,Slovenia,22-01-1947
58,Dominga,Callista,Dominga.Callista@yopmail.com,64,Ankara,Singapore,05-04-1963
59,Marti,Manolo,Marti.Manolo@yopmail.com,47,Johor Bahru,Uruguay,09-07-1979
60,Aurelie,Grimbly,Aurelie.Grimbly@yopmail.com,28,Perth,Eritrea,31-12-1946
61,Deirdre,Rodmann,Deirdre.Rodmann@yopmail.com,71,Fredericton,Heard Island and Mcdonald Islands,23-01-1950
62,Sue,Boehike,Sue.Boehike@yopmail.com,52,Seattle,Finland,21-10-1955
63,Cordi,Amasa,Cordi.Amasa@yopmail.com,48,Koulikoro,Kazakhstan,13-05-1984
64,Zia,Chandler,Zia.Chandler@yopmail.com,68,Hiroshima,Svalbard and Jan Mayen,21-07-2013
65,Feliza,Janene,Feliza.Janene@yopmail.com,49,Singapore,Saudi Arabia,01-03-2020
66,Millie,Wilkinson,Millie.Wilkinson@yopmail.com,67,Xining,Niue,12-05-1956
67,Coral,Stevy,Coral.Stevy@yopmail.com,58,Muscat,Kazakhstan,07-09-1994
68,Maurene,Kannry,Maurene.Kannry@yopmail.com,16,Strasbourg,Vanuatu,08-09-1970
69,Netty,Ivens,Netty.Ivens@yopmail.com,23,Nassau,Italy,24-06-1973
70,Karina,Hirsch,Karina.Hirsch@yopmail.com,36,Praia,Ghana,15-10-2009
71,Collen,Maples,Collen.Maples@yopmail.com,65,Livingstone,Oman,23-02-1949
72,Trudie,Tyson,Trudie.Tyson@yopmail.com,58,Sacramento,Swaziland,08-12-1961
73,Raina,Smitt,Raina.Smitt@yopmail.com,17,Kigali,Mozambique,30-03-1950
74,Clementine,Keily,Clementine.Keily@yopmail.com,17,La Paz,Afghanistan,01-03-1978
75,Elsie,Lynn,Elsie.Lynn@yopmail.com,52,Praia,United Kingdom,21-11-1950
76,Devina,Trey,Devina.Trey@yopmail.com,85,Valdivia,RWANDA,09-02-1990
77,Sheelagh,Vanni,Sheelagh.Vanni@yopmail.com,78,Kharkiv,"Virgin Islands, U.S.",28-07-2020
78,Randa,Wind,Randa.Wind@yopmail.com,76,El Aaiún,Barbados,08-12-1998
79,Christy,Toni,Christy.Toni@yopmail.com,23,Avarua,Isle of Man,02-07-1958
80,Oralee,Nea,Oralee.Nea@yopmail.com,48,Bilbao,Chile,09-01-1986
81,Kirstin,Lea,Kirstin.Lea@yopmail.com,45,Murmansk,"Iran, Islamic Republic Of",31-10-2009
82,Anthia,Leler,Anthia.Leler@yopmail.com,31,Ambon,Austria,16-06-1981
83,Renie,Hathaway,Renie.Hathaway@yopmail.com,76,Casablanca,Antarctica,22-12-1981
84,Talya,Swanhildas,Talya.Swanhildas@yopmail.com,60,Regina,Belize,15-07-1969
85,Raina,Bury,Raina.Bury@yopmail.com,59,The Valley,Gambia,22-11-1950
86,Shell,Chinua,Shell.Chinua@yopmail.com,32,Hamburg,Vanuatu,15-06-1986
87,Liana,Cavan,Liana.Cavan@yopmail.com,63,Campinas,Luxembourg,13-02-2019
88,Valera,Alrich,Valera.Alrich@yopmail.com,73,Hat Yai,Swaziland,27-07-1955
89,Rosabelle,Magnolia,Rosabelle.Magnolia@yopmail.com,81,Copenhagen,Nauru,25-05-1948
90,Brynna,Candy,Brynna.Candy@yopmail.com,25,Shenyang,Peru,13-09-1990
91,Emylee,Nicoline,Emylee.Nicoline@yopmail.com,51,Frankfurt,Australia,26-12-1968
92,Lyssa,Alwin,Lyssa.Alwin@yopmail.com,81,Dunedin,Morocco,13-01-1970
93,Trixi,Edvard,Trixi.Edvard@yopmail.com,49,Tegucigalpa,Nicaragua,11-07-2016
94,Jennica,Fabiola,Jennica.Fabiola@yopmail.com,85,Ambon,Ecuador,03-12-2000
95,Tonia,Carvey,Tonia.Carvey@yopmail.com,19,Melekeok,Cyprus,22-03-2000
96,Sara-Ann,Payson,Sara-Ann.Payson@yopmail.com,34,Ashgabat,Norway,04-06-2002
97,Binny,Allare,Binny.Allare@yopmail.com,53,Casablanca,Bosnia and Herzegovina,07-09-1999
98,Marjie,Erminia,Marjie.Erminia@yopmail.com,40,Christchurch,Nauru,30-04-1993
99,Kittie,Ricarda,Kittie.Ricarda@yopmail.com,24,Kuala Lumpur,Benin,06-03-1948
100,Anestassia,Charity,Anestassia.Charity@yopmail.com,70,Sitka,Gibraltar,26-02-1963
101,Deedee,Roscoe,Deedee.Roscoe@yopmail.com,35,Malabo,"Moldova, Republic of",30-08-1949
102,Steffane,Kirstin,Steffane.Kirstin@yopmail.com,24,Tórshavn,Heard Island and Mcdonald Islands,20-04-1961
103,Rani,Bates,Rani.Bates@yopmail.com,80,Cork (city),Finland,17-03-1946
104,Fayre,Merriott,Fayre.Merriott@yopmail.com,68,Kyoto,Honduras,03-04-2020
105,Mahalia,Waldron,Mahalia.Waldron@yopmail.com,83,Sana'a,France,23-03-1993
106,Steffane,Mauer,Steffane.Mauer@yopmail.com,62,Boston,Tokelau,12-04-1958
107,Nadine,Vharat,Nadine.Vharat@yopmail.com,78,Ponta Delgada,Iraq,15-06-2021
108,Lenna,Corabella,Lenna.Corabella@yopmail.com,76,Kuala Lumpur,Kazakhstan,13-11-2016
109,Jenilee,Hourigan,Jenilee.Hourigan@yopmail.com,29,Lusaka,Germany,08-12-1947
110,Ericka,Cath,Ericka.Cath@yopmail.com,73,New York City,Tunisia,24-01-1952
111,Sheelagh,Marden,Sheelagh.Marden@yopmail.com,64,Tel Aviv,India,26-03-1994
112,Marjie,Whiffen,Marjie.Whiffen@yopmail.com,72,Phuket (city),United States,17-10-1954
113,Ezmeralda,Skell,Ezmeralda.Skell@yopmail.com,62,Antwerp,Christmas Island,16-08-2001
114,Kristina,Ramona,Kristina.Ramona@yopmail.com,66,San Antonio,Netherlands,19-08-1971
115,Dacia,Fairweather,Dacia.Fairweather@yopmail.com,54,Longyearbyen,Åland Islands,08-11-2001
116,Meriel,Ardeha,Meriel.Ardeha@yopmail.com,84,Strasbourg,Pitcairn,26-06-2019
117,Nessie,Howlyn,Nessie.Howlyn@yopmail.com,45,Iloilo City,Myanmar,08-11-1949
118,Lynde,Baylor,Lynde.Baylor@yopmail.com,35,Guangzhou,Jersey,09-04-2013
119,Sara-Ann,Estella,Sara-Ann.Estella@yopmail.com,81,Manila,Seychelles,30-03-1960
120,Trudie,Pattin,Trudie.Pattin@yopmail.com,27,Pekanbaru,Egypt,19-12-1956
121,Dotty,Hull,Dotty.Hull@yopmail.com,21,Manama,South Africa,20-01-1992
122,Pamella,Nunci,Pamella.Nunci@yopmail.com,41,Chongjin,Colombia,15-09-1948
123,Lorne,Minetta,Lorne.Minetta@yopmail.com,34,Oslo,"Macedonia, The Former Yugoslav Republic of",12-02-1991
124,Renae,Durware,Renae.Durware@yopmail.com,16,Baltimore,Central African Republic,04-06-1960
125,Carmela,Joachim,Carmela.Joachim@yopmail.com,75,Bilbao,Austria,08-02-1976
126,Karlee,Martsen,Karlee.Martsen@yopmail.com,21,Adana,"Korea, Republic of",19-06-1961
127,Rozele,Hanshaw,Rozele.Hanshaw@yopmail.com,25,Qingdao,Djibouti,23-04-1947
128,Shaine,Sikorski,Shaine.Sikorski@yopmail.com,47,Omdurman,Reunion,08-01-1968
129,Celene,Han,Celene.Han@yopmail.com,42,City of San Marino,Poland,30-04-2003
130,Calla,Rese,Calla.Rese@yopmail.com,78,Gaza,Heard Island and Mcdonald Islands,18-12-1989
131,Aimil,Bonilla,Aimil.Bonilla@yopmail.com,46,Casablanca,Djibouti,14-05-1967
132,Daune,Vilma,Daune.Vilma@yopmail.com,80,Podgorica,Jamaica,14-12-1985
133,Vanessa,Hollingsworth,Vanessa.Hollingsworth@yopmail.com,47,Taichung,Suriname,29-02-1956
134,Deirdre,Ammann,Deirdre.Ammann@yopmail.com,81,Lima,Maldives,03-04-1992
135,Tamqrah,Suanne,Tamqrah.Suanne@yopmail.com,79,Surat Thani,Ethiopia,13-10-2006
136,Elbertina,Nester,Elbertina.Nester@yopmail.com,33,Weno,Lithuania,12-05-1945
137,Tarra,Rosalba,Tarra.Rosalba@yopmail.com,22,Singapore,"Macedonia, The Former Yugoslav Republic of",30-12-1989
138,Kara-Lynn,Valoniah,Kara-Lynn.Valoniah@yopmail.com,82,Yerevan,Cook Islands,03-01-2004
139,Devina,Revkah,Devina.Revkah@yopmail.com,63,Rio de Janeiro,Iceland,11-12-2008
140,Yolane,Terencio,Yolane.Terencio@yopmail.com,62,Dunedin,Bahamas,13-10-1977
141,Millie,Schalles,Millie.Schalles@yopmail.com,20,Hilo,Namibia,11-12-1991
142,Clementine,Sallyann,Clementine.Sallyann@yopmail.com,24,Maputo,Hong Kong,28-02-1972
143,Micheline,Callista,Micheline.Callista@yopmail.com,42,Bridgetown,Congo,29-04-2009
144,Melodie,Soneson,Melodie.Soneson@yopmail.com,57,Buffalo,Jordan,22-03-1948
145,Kalina,Arne,Kalina.Arne@yopmail.com,79,Manzini,Norway,06-01-2003
146,Cassandra,Kenney,Cassandra.Kenney@yopmail.com,62,Koror,Spain,12-10-1997
147,Mallory,Astra,Mallory.Astra@yopmail.com,85,Abu Dhabi,Falkland Islands (Malvinas),31-03-2020
148,Wynne,Yoko,Wynne.Yoko@yopmail.com,79,Jakarta,Venezuela,10-12-2002
149,Celisse,Romelda,Celisse.Romelda@yopmail.com,33,Hargeisa,Italy,18-02-1950
150,Sara-Ann,Brian,Sara-Ann.Brian@yopmail.com,47,Hiroshima,Liberia,19-11-1997
151,Ayn,Jerald,Ayn.Jerald@yopmail.com,52,Guayaquil,Gibraltar,05-09-1970
152,Bobbi,Annice,Bobbi.Annice@yopmail.com,24,Guatemala City,Uzbekistan,11-05-1999
153,Cissiee,Plato,Cissiee.Plato@yopmail.com,83,Bilbao,Gabon,06-08-1987
154,Mellicent,Kimmie,Mellicent.Kimmie@yopmail.com,25,Geelong,Nicaragua,22-11-1957
155,Arlina,Papageno,Arlina.Papageno@yopmail.com,82,Toronto,Liberia,05-04-1992
156,Shauna,Velick,Shauna.Velick@yopmail.com,17,Labasa,Azerbaijan,26-07-1974
157,Marleah,Huggins,Marleah.Huggins@yopmail.com,61,Gangtok,Greece,07-09-2021
158,Janis,Neils,Janis.Neils@yopmail.com,48,Hobart,Faroe Islands,18-07-1978
159,Hyacinthe,Iphlgenia,Hyacinthe.Iphlgenia@yopmail.com,71,Marseille,Western Sahara,05-06-1994
160,Annecorinne,Francyne,Annecorinne.Francyne@yopmail.com,51,Indianapolis,Cameroon,01-06-2004
161,Gertrud,Goldina,Gertrud.Goldina@yopmail.com,64,Adamstown,Finland,01-11-1957
162,Ann-Marie,Naor,Ann-Marie.Naor@yopmail.com,24,Adelaide,United States,09-11-1994
163,Romona,Bibi,Romona.Bibi@yopmail.com,73,Jeddah,Puerto Rico,25-12-1979
164,Edith,Schroth,Edith.Schroth@yopmail.com,32,Marrakech,Mongolia,29-03-1964
165,Benita,Hailee,Benita.Hailee@yopmail.com,54,Kaliningrad,Japan,17-04-2001
166,Gabi,Elo,Gabi.Elo@yopmail.com,82,Curitiba,Angola,16-02-1958
167,Damaris,Secrest,Damaris.Secrest@yopmail.com,71,Samara,Faroe Islands,12-02-1946
168,Ana,Sharl,Ana.Sharl@yopmail.com,57,Brikama,Costa Rica,04-04-2001
169,Bernardine,Markman,Bernardine.Markman@yopmail.com,75,Birkirkara,Slovakia,03-05-1978
170,Damaris,Nickola,Damaris.Nickola@yopmail.com,20,Pattaya,Honduras,08-01-1990
171,Sue,Publia,Sue.Publia@yopmail.com,64,Miami,Zambia,08-09-1960
172,Emmey,Sikorski,Emmey.Sikorski@yopmail.com,62,Kolkata,Tunisia,19-02-1966
173,Aili,Eiser,Aili.Eiser@yopmail.com,17,Omdurman,Mali,02-09-2004
174,Fredericka,Frodi,Fredericka.Frodi@yopmail.com,46,Boston,Heard Island and Mcdonald Islands,04-02-1950
175,Lorie,Toni,Lorie.Toni@yopmail.com,77,Ponta Delgada,Maldives,02-03-1959
176,Norine,Bluh,Norine.Bluh@yopmail.com,21,Chengdu,Sri Lanka,21-10-2009
177,Laurene,Kauppi,Laurene.Kauppi@yopmail.com,50,Zanzibar City,French Polynesia,23-11-2008
178,Brynna,Ezar,Brynna.Ezar@yopmail.com,78,Lilongwe,Aruba,31-01-1998
179,Iseabal,Faro,Iseabal.Faro@yopmail.com,20,Luanda,Niue,08-10-1952
180,Rivalee,Sherfield,Rivalee.Sherfield@yopmail.com,36,Wollongong,French Polynesia,19-02-1987
181,Tomasina,McNully,Tomasina.McNully@yopmail.com,34,Palikir,Marshall Islands,19-07-1981
182,Abbie,Faro,Abbie.Faro@yopmail.com,31,Banjul,Nicaragua,31-03-1947
183,Inga,Vilma,Inga.Vilma@yopmail.com,81,Lubumbashi,Panama,10-03-2002
184,Max,Urania,Max.Urania@yopmail.com,30,Manaus,Monaco,31-07-2007
185,Genovera,Elsinore,Genovera.Elsinore@yopmail.com,16,Bergen,Luxembourg,25-03-1976
186,Trixi,Thar,Trixi.Thar@yopmail.com,67,Darwin,Croatia,04-05-2018
187,Jaclyn,Bultman,Jaclyn.Bultman@yopmail.com,36,Busan,Martinique,07-11-1968
188,Gui,Cressida,Gui.Cressida@yopmail.com,68,Tokyo,Norway,11-01-1955
189,Brietta,Malina,Brietta.Malina@yopmail.com,62,Bogotá,Iraq,05-07-1990
190,Dyann,Greyson,Dyann.Greyson@yopmail.com,79,Tiraspol,American Samoa,24-05-1963
191,Adele,Borrell,Adele.Borrell@yopmail.com,80,Chongjin,Sao Tome and Principe,29-10-2012
192,Janenna,Dosia,Janenna.Dosia@yopmail.com,66,Hilo,Martinique,02-10-1974
193,Madeleine,Pearse,Madeleine.Pearse@yopmail.com,82,Almaty,Viet Nam,30-07-1960
194,Stacey,Elsinore,Stacey.Elsinore@yopmail.com,68,Manama,Slovakia,02-01-1972
195,Gusty,Eckblad,Gusty.Eckblad@yopmail.com,65,Pago Pago,Serbia and Montenegro,17-01-1960
196,Doro,Daegal,Doro.Daegal@yopmail.com,46,Rotterdam,Wallis and Futuna,22-02-1975
197,Hyacinthe,Zeeba,Hyacinthe.Zeeba@yopmail.com,20,Cincinnati,Bermuda,24-04-1997
198,Nessie,Dudley,Nessie.Dudley@yopmail.com,29,Malé,Saint Lucia,04-02-1982
199,Collen,Goerke,Collen.Goerke@yopmail.com,35,Daegu,Serbia and Montenegro,04-09-1974
200,Inga,Colyer,Inga.Colyer@yopmail.com,18,Road Town,"Virgin Islands, U.S.",21-01-1972
201,Aurore,Zaslow,Aurore.Zaslow@yopmail.com,36,Mwanza,Zimbabwe,14-03-2013
202,Candy,Alice,Candy.Alice@yopmail.com,66,Prague,Sweden,08-09-1989
203,Natka,Gregrory,Natka.Gregrory@yopmail.com,55,Beijing,Cape Verde,26-06-2007
204,Rori,Morehouse,Rori.Morehouse@yopmail.com,46,Pekanbaru,Luxembourg,26-03-1949
205,Robinia,Linskey,Robinia.Linskey@yopmail.com,75,New York City,Somalia,10-07-1946
206,Addia,Peg,Addia.Peg@yopmail.com,75,Willemstad,Pitcairn,23-03-1950
207,Aryn,Zuzana,Aryn.Zuzana@yopmail.com,46,Malacca Town,Pakistan,06-12-1988
208,Danny,Mathilde,Danny.Mathilde@yopmail.com,18,Douglas,India,01-08-1973
209,Janey,Durware,Janey.Durware@yopmail.com,24,Reykjavík,Saudi Arabia,20-07-1969
210,Ivett,Maryanne,Ivett.Maryanne@yopmail.com,75,Nashville,Netherlands,05-04-1949
211,Pearline,Firmin,Pearline.Firmin@yopmail.com,81,Guatemala City,Puerto Rico,26-06-1996
212,Ericka,Oriana,Ericka.Oriana@yopmail.com,52,Budapest,Gabon,03-08-1979
213,Cassondra,Eliathas,Cassondra.Eliathas@yopmail.com,47,Kigali,Latvia,21-09-1992
214,Elka,Amasa,Elka.Amasa@yopmail.com,53,Belfast,Sudan,08-06-2008
215,Cyb,Lynn,Cyb.Lynn@yopmail.com,36,Baghdad,Australia,04-04-1990
216,Marsiella,Roscoe,Marsiella.Roscoe@yopmail.com,40,Innsbruck,Cuba,27-10-1967
217,Kamilah,Stacy,Kamilah.Stacy@yopmail.com,58,Kobe,Belize,11-02-2012
218,Mignon,Ellerey,Mignon.Ellerey@yopmail.com,84,Thimphu,Lithuania,15-09-2006
219,Janeczka,Neva,Janeczka.Neva@yopmail.com,60,Tokyo,Aruba,01-09-1953
220,Andeee,Christal,Andeee.Christal@yopmail.com,79,Puebla,China,04-11-2002
221,Hallie,Hubert,Hallie.Hubert@yopmail.com,18,Yerevan,"Macedonia, The Former Yugoslav Republic of",17-08-1947
222,Winifred,Niccolo,Winifred.Niccolo@yopmail.com,49,Guadalajara,Northern Mariana Islands,17-09-2011
223,Calla,Himelman,Calla.Himelman@yopmail.com,50,Port-au-Prince,Mozambique,25-11-1980
224,Agathe,Danby,Agathe.Danby@yopmail.com,38,Charlotte Amalie,Niue,20-11-1960
225,Aaren,Donell,Aaren.Donell@yopmail.com,22,Linz,Turkmenistan,07-04-1952
226,Sallie,Santoro,Sallie.Santoro@yopmail.com,74,New Orleans,Namibia,11-10-1965
227,Caritta,Wareing,Caritta.Wareing@yopmail.com,58,Valencia,Nepal,09-09-1981
228,Fredericka,Elsinore,Fredericka.Elsinore@yopmail.com,48,Rawalpindi,Zimbabwe,30-06-1974
229,Chere,Allys,Chere.Allys@yopmail.com,39,Tijuana,Cuba,15-08-2006
230,Tera,Lucienne,Tera.Lucienne@yopmail.com,38,Juneau,Timor-Leste,29-06-2012
231,Jenda,Remmer,Jenda.Remmer@yopmail.com,26,Adamstown,Mali,04-03-1984
232,Jeanna,Joeann,Jeanna.Joeann@yopmail.com,72,N'Djamena,Svalbard and Jan Mayen,08-11-1955
233,Ofilia,Lemuela,Ofilia.Lemuela@yopmail.com,42,Mumbai,Bahamas,13-02-2011
234,Dari,Pitt,Dari.Pitt@yopmail.com,22,Ashgabat,Montserrat,21-06-1999
235,Jan,Weaks,Jan.Weaks@yopmail.com,40,Calgary,Montserrat,29-02-1976
236,Lizzie,Felizio,Lizzie.Felizio@yopmail.com,54,Lima,Suriname,14-07-1955
237,Esmeralda,Carmena,Esmeralda.Carmena@yopmail.com,82,Cardiff,Montserrat,13-06-2021
238,Deane,Deegan,Deane.Deegan@yopmail.com,39,Rabi Island,Estonia,16-07-1957
239,Yetty,Ehrman,Yetty.Ehrman@yopmail.com,77,Mexico City,China,10-03-1964
240,Sallie,Rubie,Sallie.Rubie@yopmail.com,46,Milan,Japan,07-11-1971
241,Dania,Nester,Dania.Nester@yopmail.com,70,Balikpapan,"Congo, The Democratic Republic of the",07-10-1948
242,Fernande,Sherrie,Fernande.Sherrie@yopmail.com,67,Guwahati,Brazil,03-04-1962
243,Cyb,Halla,Cyb.Halla@yopmail.com,55,São Paulo,Sudan,24-01-1948
244,Mireielle,Carleen,Mireielle.Carleen@yopmail.com,23,Gaborone,Iceland,13-08-1972
245,Jackie,Vernier,Jackie.Vernier@yopmail.com,59,Jeddah,Finland,18-07-1952
246,Jany,Rillings,Jany.Rillings@yopmail.com,65,Portland,American Samoa,03-08-2005
247,Tatiania,Dermott,Tatiania.Dermott@yopmail.com,77,Sitka,Slovenia,13-10-2014
248,Ariela,Hylan,Ariela.Hylan@yopmail.com,85,Louisville,Madagascar,20-12-2019
249,Lolita,Olnee,Lolita.Olnee@yopmail.com,25,San Fernando,French Guiana,01-11-1946
250,Shauna,Rustice,Shauna.Rustice@yopmail.com,64,Norilsk,Pakistan,12-09-2002
251,Brena,Corabella,Brena.Corabella@yopmail.com,52,Multan,Luxembourg,09-11-2004
252,Alyssa,Kare,Alyssa.Kare@yopmail.com,54,Maceió,French Polynesia,02-02-2011
253,Lynde,Charity,Lynde.Charity@yopmail.com,68,Macau,Azerbaijan,07-09-2007
254,Jeanna,McGrody,Jeanna.McGrody@yopmail.com,38,Mexico City,Finland,16-10-1945
255,Emmey,Guildroy,Emmey.Guildroy@yopmail.com,31,Wollongong,Hong Kong,04-06-1991
256,Blondelle,Gaal,Blondelle.Gaal@yopmail.com,30,Labasa,Croatia,29-03-1995
257,Briney,Dawkins,Briney.Dawkins@yopmail.com,22,Yekaterinburg,Kuwait,04-07-2012
258,Cordi,Briney,Cordi.Briney@yopmail.com,20,Gaziantep,Panama,21-03-1994
259,Robinia,Vale,Robinia.Vale@yopmail.com,84,Douglas,Peru,13-01-1945
260,Luci,Ventre,Luci.Ventre@yopmail.com,74,Brazzaville,China,20-10-1975
261,Catharine,Ruvolo,Catharine.Ruvolo@yopmail.com,65,Maputo,"Virgin Islands, U.S.",02-11-1964
262,Lusa,Suzetta,Lusa.Suzetta@yopmail.com,52,Dublin,Tokelau,14-09-1951
263,Phedra,Tamsky,Phedra.Tamsky@yopmail.com,82,Iquitos,Latvia,05-12-1972
264,Laurene,Bouchard,Laurene.Bouchard@yopmail.com,31,Pretoria,Angola,25-02-1957
265,Althea,Aprile,Althea.Aprile@yopmail.com,47,Phoenix,Antarctica,15-10-1984
266,Selma,Tound,Selma.Tound@yopmail.com,50,Avarua,India,03-08-2020
267,Marti,Dalli,Marti.Dalli@yopmail.com,76,Niamey,Bahamas,08-01-2021
268,Tani,Moseley,Tani.Moseley@yopmail.com,80,Malmö,Greece,02-07-1976
269,Meg,Suzetta,Meg.Suzetta@yopmail.com,83,Bilbao,Maldives,21-07-2020
270,Ann-Marie,Fennessy,Ann-Marie.Fennessy@yopmail.com,23,Caracas,Fiji,06-06-2016
271,Libbie,Chaing,Libbie.Chaing@yopmail.com,43,Montevideo,Dominica,26-10-1997
272,Hettie,Allys,Hettie.Allys@yopmail.com,55,Chişinău,Liechtenstein,23-12-1965
273,Ashlee,Gilmour,Ashlee.Gilmour@yopmail.com,35,Dakar,Malaysia,20-07-1985
274,Cacilie,Chick,Cacilie.Chick@yopmail.com,21,Bratislava,Belize,13-12-2009
275,Elyssa,Zola,Elyssa.Zola@yopmail.com,66,Belize City,Martinique,06-04-1990
276,Tobe,Chandler,Tobe.Chandler@yopmail.com,54,Bandung,"Korea, Democratic People""S Republic of",21-03-1958
277,Georgina,Dalli,Georgina.Dalli@yopmail.com,22,Belgrade,Greenland,10-04-1971
278,Dacia,Gregrory,Dacia.Gregrory@yopmail.com,42,Albuquerque,Saint Vincent and the Grenadines,09-05-1965
279,Ardenia,Lynn,Ardenia.Lynn@yopmail.com,36,Padang,Nigeria,12-10-1993
280,Gianina,Clara,Gianina.Clara@yopmail.com,84,Maceió,Slovakia,26-03-1975
281,Selma,Kaja,Selma.Kaja@yopmail.com,46,Willemstad,Eritrea,18-08-1962
282,Heddie,Secrest,Heddie.Secrest@yopmail.com,28,Las Palmas de Gran Canaria,Russian Federation,23-10-1989
283,Alex,Hollingsworth,Alex.Hollingsworth@yopmail.com,78,Skopje,Madagascar,04-11-1945
284,Dorthy,Colyer,Dorthy.Colyer@yopmail.com,82,Hargeisa,Angola,29-01-1986
285,Nickie,Chandler,Nickie.Chandler@yopmail.com,28,Istanbul,Finland,15-09-1955
286,Sashenka,Krystle,Sashenka.Krystle@yopmail.com,61,Nuuk,New Zealand,02-05-1957
287,Heddie,Newell,Heddie.Newell@yopmail.com,67,Baltimore,Armenia,02-05-1959
288,Regina,Casimir,Regina.Casimir@yopmail.com,70,Hat Yai,Norway,19-07-2006
289,Mamie,Norvol,Mamie.Norvol@yopmail.com,64,George Town,Mali,18-10-2006
290,Tobe,Pyle,Tobe.Pyle@yopmail.com,18,Dammam,Gabon,12-07-1983
291,Caressa,Justinn,Caressa.Justinn@yopmail.com,57,Ashgabat,Japan,03-02-2005
292,Nataline,Fennessy,Nataline.Fennessy@yopmail.com,57,Manchester,Turkmenistan,06-07-2017
293,Ricky,Hourigan,Ricky.Hourigan@yopmail.com,84,Willemstad,French Southern Territories,05-04-2003
294,Mireielle,Sammons,Mireielle.Sammons@yopmail.com,51,Arequipa,Chile,10-09-2021
295,Sheree,Naashom,Sheree.Naashom@yopmail.com,70,Suez,India,16-06-1962
296,Lily,Elo,Lily.Elo@yopmail.com,18,Tunis,Svalbard and Jan Mayen,18-02-1949
297,Fernande,Mendez,Fernande.Mendez@yopmail.com,50,Salzburg,Falkland Islands (Malvinas),17-07-1994
298,Shirlee,Nea,Shirlee.Nea@yopmail.com,31,Bratsk,Indonesia,17-10-1961
299,Collen,Riordan,Collen.Riordan@yopmail.com,34,Novosibirsk,Mongolia,29-04-1977
300,Melodie,Constancy,Melodie.Constancy@yopmail.com,29,Daegu,Faroe Islands,05-01-1954
301,Christal,Chauncey,Christal.Chauncey@yopmail.com,16,Kharkiv,Cape Verde,12-12-2003
302,Elora,Honoria,Elora.Honoria@yopmail.com,50,Abuja,Saint Kitts and Nevis,06-09-2021
303,Darlleen,Jillane,Darlleen.Jillane@yopmail.com,31,Mecca,Antigua and Barbuda,11-01-1967
304,Karina,Podvin,Karina.Podvin@yopmail.com,84,Vilnius,Japan,24-07-1992
305,Xylina,Sawtelle,Xylina.Sawtelle@yopmail.com,60,Rosario,Slovakia,23-05-2006
306,Emilia,Gale,Emilia.Gale@yopmail.com,60,Colombo,RWANDA,19-08-1949
307,Dania,Birdella,Dania.Birdella@yopmail.com,28,Málaga,Nepal,18-03-1966
308,Elora,O'Rourke,Elora.O'Rourke@yopmail.com,65,Perm,Swaziland,24-11-1985
309,Vita,Arvo,Vita.Arvo@yopmail.com,67,Nicosia,Belize,29-11-1979
310,Alejandra,Heisel,Alejandra.Heisel@yopmail.com,60,Algiers,Belize,27-05-1948
311,Lindie,Seessel,Lindie.Seessel@yopmail.com,26,Denver,Trinidad and Tobago,22-06-1966
312,Kary,Weaks,Kary.Weaks@yopmail.com,71,Cardiff,Zambia,10-06-2008
313,Caryl,Means,Caryl.Means@yopmail.com,38,Samara,Saudi Arabia,09-09-1958
314,Harrietta,Newell,Harrietta.Newell@yopmail.com,67,Charlotte Amalie,"Virgin Islands, British",15-02-1947
315,Carilyn,Kelula,Carilyn.Kelula@yopmail.com,71,Hanoi,Saint Pierre and Miquelon,16-08-2019
316,Elmira,Vilma,Elmira.Vilma@yopmail.com,29,Yakutsk,Mexico,15-02-2000
317,Ashlee,Sammons,Ashlee.Sammons@yopmail.com,17,Vaduz,Chad,11-07-2016
318,Ketti,Drisko,Ketti.Drisko@yopmail.com,76,Phnom Penh,Greece,24-01-1960
319,Sissy,Sancho,Sissy.Sancho@yopmail.com,71,Geneva,Estonia,18-12-1956
320,Libbie,Terencio,Libbie.Terencio@yopmail.com,26,Qingdao,Norway,16-11-2021
321,Yvonne,Ethban,Yvonne.Ethban@yopmail.com,71,Sitka,Greenland,05-03-1964
322,Penelopa,Koehler,Penelopa.Koehler@yopmail.com,19,Sarajevo,Georgia,06-04-1976
323,Lynde,Alabaster,Lynde.Alabaster@yopmail.com,54,Avarua,"Cote D""Ivoire",15-08-1985
324,Gavrielle,Codding,Gavrielle.Codding@yopmail.com,57,Arbil,Saudi Arabia,13-10-1983
325,Dennie,Delila,Dennie.Delila@yopmail.com,27,Nakhon Ratchasima,Latvia,25-01-2002
326,Cassondra,Sperling,Cassondra.Sperling@yopmail.com,29,Xi'an,Belgium,02-06-2004
327,Charissa,Merna,Charissa.Merna@yopmail.com,61,Mumbai,Saint Vincent and the Grenadines,14-12-1945
328,Sandie,Simmonds,Sandie.Simmonds@yopmail.com,81,Aarhus,Dominican Republic,24-12-1957
329,Vinita,Oneida,Vinita.Oneida@yopmail.com,22,Osaka,Singapore,30-12-1948
330,Dulce,Wareing,Dulce.Wareing@yopmail.com,54,Baltimore,RWANDA,19-04-2005
331,Adore,Mata,Adore.Mata@yopmail.com,39,Christchurch,Yemen,29-03-2017
332,Caressa,Hewitt,Caressa.Hewitt@yopmail.com,44,Castries,"Lao People""S Democratic Republic",31-07-1967
333,Gusty,Tengdin,Gusty.Tengdin@yopmail.com,80,Odessa,Northern Mariana Islands,16-04-2007
334,Hollie,Ralfston,Hollie.Ralfston@yopmail.com,85,Bern,Mozambique,04-11-1987
335,Marnia,Zaslow,Marnia.Zaslow@yopmail.com,60,Saint-Denis,Nepal,29-02-1948
336,Hyacinthe,Mott,Hyacinthe.Mott@yopmail.com,60,Minneapolis,Isle of Man,02-12-1986
337,Demetris,Koehler,Demetris.Koehler@yopmail.com,21,Kabul,Angola,20-02-1952
338,Tani,Dermott,Tani.Dermott@yopmail.com,61,Hamburg,Cocos (Keeling) Islands,13-02-1948
339,Cristabel,Corrine,Cristabel.Corrine@yopmail.com,54,Whitehorse,Brazil,28-02-1960
340,Kimmy,Podvin,Kimmy.Podvin@yopmail.com,65,Addis Ababa,Mauritania,22-12-1949
341,Zondra,Erb,Zondra.Erb@yopmail.com,22,Thiès,Japan,07-12-2018
342,Allyce,Fulmer,Allyce.Fulmer@yopmail.com,83,Tampere,Lesotho,29-07-1975
343,Netty,Jillane,Netty.Jillane@yopmail.com,48,Leeds,Mexico,29-03-2016
344,Siana,McLaughlin,Siana.McLaughlin@yopmail.com,76,Rio de Janeiro,Guinea-Bissau,26-08-1976
345,Arlina,Nicoline,Arlina.Nicoline@yopmail.com,69,Budapest,Afghanistan,19-09-1945
346,Ardys,Havens,Ardys.Havens@yopmail.com,66,Blantyre,Lithuania,07-12-2012
347,Lindie,Kress,Lindie.Kress@yopmail.com,50,Freetown,Cayman Islands,09-10-1969
348,Elie,Hermes,Elie.Hermes@yopmail.com,48,Budapest,Tuvalu,06-02-1972
349,Kelly,Havens,Kelly.Havens@yopmail.com,42,Veracruz,Myanmar,06-11-1966
350,Donetta,Loring,Donetta.Loring@yopmail.com,45,Guangzhou,Namibia,14-02-2003
351,Collen,Pattin,Collen.Pattin@yopmail.com,27,Porto Velho,Mali,11-01-1954
352,Viki,Magdalen,Viki.Magdalen@yopmail.com,50,Cockburn Town,Montserrat,28-10-2009
353,Consuela,Pond,Consuela.Pond@yopmail.com,18,Nantes,Yemen,09-03-1973
354,Corina,Sherfield,Corina.Sherfield@yopmail.com,41,Buenos Aires,Marshall Islands,13-10-1997
355,Valli,Dowski,Valli.Dowski@yopmail.com,46,Iloilo City,Denmark,02-03-2013
356,Catrina,Odysseus,Catrina.Odysseus@yopmail.com,19,Nicosia,"Micronesia, Federated States of",19-09-1963
357,Olivette,Kress,Olivette.Kress@yopmail.com,29,Hanoi,Colombia,21-06-1946
358,Olwen,Croix,Olwen.Croix@yopmail.com,63,Siem Reap,Trinidad and Tobago,08-07-1972
359,Jackie,Roche,Jackie.Roche@yopmail.com,65,Christchurch,Sierra Leone,23-11-1984
360,Marline,Sasnett,Marline.Sasnett@yopmail.com,40,The Hague,"Korea, Republic of",10-02-1989
361,Sharai,Bonucci,Sharai.Bonucci@yopmail.com,37,Arequipa,French Southern Territories,04-07-1973
362,Meghann,Seligman,Meghann.Seligman@yopmail.com,36,Mata-Utu,Central African Republic,03-12-1965
363,Ricky,Presber,Ricky.Presber@yopmail.com,66,Sri Jayawardenapura-Kotte,Guatemala,03-03-2007
364,Claudina,Zrike,Claudina.Zrike@yopmail.com,66,Adelaide,Japan,18-11-1999
365,Susan,Dash,Susan.Dash@yopmail.com,37,Ndola,Pitcairn,15-01-1999
366,Henriette,Ivens,Henriette.Ivens@yopmail.com,42,Vilnius,Heard Island and Mcdonald Islands,25-10-1970
367,Dari,Matthew,Dari.Matthew@yopmail.com,70,Tórshavn,Saint Lucia,09-10-1966
368,Georgetta,Ashok,Georgetta.Ashok@yopmail.com,66,Budapest,Georgia,09-09-2012
369,Oona,Bearnard,Oona.Bearnard@yopmail.com,39,Zhengzhou,Northern Mariana Islands,23-03-1961
370,Max,Durante,Max.Durante@yopmail.com,47,Skopje,Bhutan,08-11-1961
371,Helsa,Madelene,Helsa.Madelene@yopmail.com,44,Paramaribo,Afghanistan,22-06-1971
372,Yvonne,Jerald,Yvonne.Jerald@yopmail.com,45,Anadyr (town),Dominica,24-09-1999
373,Ruthe,Nedrud,Ruthe.Nedrud@yopmail.com,70,Podgorica,AndorrA,05-04-2003
374,Selma,Hailee,Selma.Hailee@yopmail.com,33,Marseille,Ukraine,24-05-1972
375,Nessie,Santoro,Nessie.Santoro@yopmail.com,81,Las Palmas de Gran Canaria,"Lao People""S Democratic Republic",23-03-1967
376,Mireielle,Nester,Mireielle.Nester@yopmail.com,43,Cockburn Town,Chile,26-10-2001
377,Claresta,Wenda,Claresta.Wenda@yopmail.com,30,Lilongwe,Antigua and Barbuda,09-06-2017
378,Shauna,Ehrman,Shauna.Ehrman@yopmail.com,30,Enugu,Greece,16-02-1996
379,Chastity,Vary,Chastity.Vary@yopmail.com,55,Wellington,Bermuda,04-08-1971
380,Belva,Dahlia,Belva.Dahlia@yopmail.com,78,Lubumbashi,United States,28-03-1992
381,Gwenneth,Shields,Gwenneth.Shields@yopmail.com,31,Ankara,British Indian Ocean Territory,02-06-1990
382,Brynna,Mozelle,Brynna.Mozelle@yopmail.com,26,Kathmandu,Kenya,07-10-2004
383,Dorothy,Stuart,Dorothy.Stuart@yopmail.com,22,Memphis,Equatorial Guinea,29-12-1961
384,Christy,Harriman,Christy.Harriman@yopmail.com,19,Melekeok,Mauritius,05-02-2012
385,Ruthe,Beebe,Ruthe.Beebe@yopmail.com,70,Rabat,Lesotho,14-11-2014
386,Nita,Papageno,Nita.Papageno@yopmail.com,58,Nairobi,Pitcairn,20-04-1947
387,Belva,Aloise,Belva.Aloise@yopmail.com,63,Khartoum,"Iran, Islamic Republic Of",18-06-1946
388,Amelia,Pond,Amelia.Pond@yopmail.com,22,Jayapura,French Guiana,21-02-1974
389,Kara-Lynn,Matthew,Kara-Lynn.Matthew@yopmail.com,17,Bahía Blanca,Martinique,15-02-1983
390,Konstance,Gregrory,Konstance.Gregrory@yopmail.com,44,Louisville,Madagascar,17-07-1985
391,Andree,Ardeha,Andree.Ardeha@yopmail.com,73,Port Blair,Pakistan,23-11-1975
392,Belinda,Corilla,Belinda.Corilla@yopmail.com,71,Manchester,Switzerland,17-05-2015
393,Hallie,Japeth,Hallie.Japeth@yopmail.com,85,Colombo,Central African Republic,30-03-1979
394,Myrtice,Papageno,Myrtice.Papageno@yopmail.com,56,Arbil,Monaco,13-06-1947
395,Shell,Gunn,Shell.Gunn@yopmail.com,22,Boa Vista,Cyprus,09-08-2004
396,Laure,Phyllis,Laure.Phyllis@yopmail.com,35,Pontianak,Nepal,06-01-1948
397,Tonia,Harl,Tonia.Harl@yopmail.com,54,Rabat,French Polynesia,04-09-1995
398,Dacia,Couture,Dacia.Couture@yopmail.com,29,Punta Arenas,Marshall Islands,21-09-1983
399,Catrina,Laurianne,Catrina.Laurianne@yopmail.com,64,Dammam,Bosnia and Herzegovina,05-02-1957
400,Zsa Zsa,Tamsky,Zsa Zsa.Tamsky@yopmail.com,52,Reykjavík,Wallis and Futuna,04-07-1967
401,Annabela,Knowling,Annabela.Knowling@yopmail.com,16,Serekunda,Puerto Rico,01-09-1980
402,Noelle,Weaks,Noelle.Weaks@yopmail.com,42,Bamako,Burkina Faso,09-04-2012
403,Margette,Santoro,Margette.Santoro@yopmail.com,23,Astana,Maldives,27-05-2011
404,Elie,Hutchison,Elie.Hutchison@yopmail.com,63,Serekunda,Nigeria,23-12-1994
405,Molli,Bibi,Molli.Bibi@yopmail.com,41,San Juan,Kazakhstan,12-03-2019
406,Codie,Kolnick,Codie.Kolnick@yopmail.com,60,Geelong,Eritrea,14-04-1961
407,Morganica,Jenness,Morganica.Jenness@yopmail.com,55,Okinawa,Burkina Faso,30-12-1998
408,Lizzie,Ahab,Lizzie.Ahab@yopmail.com,44,Nizhny Novgorod,Thailand,16-06-2016
409,Libbie,Ciro,Libbie.Ciro@yopmail.com,56,Birkirkara,Heard Island and Mcdonald Islands,18-06-1959
410,Tonia,Couture,Tonia.Couture@yopmail.com,30,Tirana,Greenland,04-12-1979
411,Tomasina,Rad,Tomasina.Rad@yopmail.com,29,Islamabad,Croatia,26-01-1979
412,Elie,Dosia,Elie.Dosia@yopmail.com,18,Thiès,Estonia,04-07-1961
413,Ernesta,Thunell,Ernesta.Thunell@yopmail.com,45,Bishkek,Sao Tome and Principe,26-03-1993
414,Elvira,Dannye,Elvira.Dannye@yopmail.com,83,Tartu,Tunisia,26-12-1986
415,Mary,Bronk,Mary.Bronk@yopmail.com,67,Conakry,"Iran, Islamic Republic Of",02-09-1947
416,Darci,Kaja,Darci.Kaja@yopmail.com,67,Port Hedland,Uganda,28-11-2008
417,Cacilie,Joeann,Cacilie.Joeann@yopmail.com,54,Anadyr (town),Hong Kong,27-02-1998
418,Deloria,Jenness,Deloria.Jenness@yopmail.com,21,Lviv,"Cote D""Ivoire",26-10-2008
419,Gratia,Hebner,Gratia.Hebner@yopmail.com,73,Dammam,Sao Tome and Principe,07-02-1949
420,Margarette,Eldrid,Margarette.Eldrid@yopmail.com,57,Bujumbura,Chad,28-08-1965
421,Johna,Haerr,Johna.Haerr@yopmail.com,17,El Aaiún,Ecuador,17-08-1994
422,Marcelline,Martsen,Marcelline.Martsen@yopmail.com,53,Libreville,Paraguay,09-05-1999
423,Emilia,Gino,Emilia.Gino@yopmail.com,54,Nairobi,Mali,01-01-1987
424,Carree,Behre,Carree.Behre@yopmail.com,62,Niamey,Afghanistan,02-06-1954
425,Selia,Tamsky,Selia.Tamsky@yopmail.com,17,Damascus,Finland,11-06-2009
426,Lily,Lesley,Lily.Lesley@yopmail.com,43,Stepanakert,Sudan,25-11-1983
427,Jacenta,Konyn,Jacenta.Konyn@yopmail.com,50,Juneau,French Southern Territories,13-12-1946
428,Hyacinthe,Crudden,Hyacinthe.Crudden@yopmail.com,38,Charlotte Amalie,Djibouti,12-06-1952
429,Harrietta,Henrie,Harrietta.Henrie@yopmail.com,55,Lubumbashi,Israel,12-12-1960
430,Kara-Lynn,Ventre,Kara-Lynn.Ventre@yopmail.com,84,Pittsburgh,Ecuador,31-01-1959
431,Kassey,Carbo,Kassey.Carbo@yopmail.com,46,San Salvador,Luxembourg,07-05-1969
432,Emmey,Cath,Emmey.Cath@yopmail.com,58,Seattle,Bahamas,07-02-1999
433,Livvyy,Gale,Livvyy.Gale@yopmail.com,52,Canberra,Armenia,27-05-2018
434,Cam,Charity,Cam.Charity@yopmail.com,62,Abidjan,Peru,07-12-1974
435,Livvyy,Heisel,Livvyy.Heisel@yopmail.com,67,San José,Fiji,26-09-2011
436,Blinni,Zaslow,Blinni.Zaslow@yopmail.com,36,Norilsk,Vanuatu,08-07-1954
437,Leontine,Stav,Leontine.Stav@yopmail.com,74,Cardiff,Equatorial Guinea,07-06-1998
438,Steffane,Clarissa,Steffane.Clarissa@yopmail.com,59,Sri Jayawardenapura-Kotte,Bahamas,14-07-1992
439,Sean,Killigrew,Sean.Killigrew@yopmail.com,46,Kaesong,Nicaragua,02-04-1953
440,Magdalena,Alabaster,Magdalena.Alabaster@yopmail.com,53,Kano,Singapore,14-01-1994
441,Gilda,Ietta,Gilda.Ietta@yopmail.com,50,Baltimore,Pakistan,15-07-1973
442,Isa,Niles,Isa.Niles@yopmail.com,51,Phuket (city),"Palestinian Territory, Occupied",15-03-1988
443,Adore,Dyche,Adore.Dyche@yopmail.com,39,Lomé,"Korea, Republic of",22-01-2001
444,Danny,Barbey,Danny.Barbey@yopmail.com,44,Tiraspol,Colombia,24-12-1945
445,Delilah,Richers,Delilah.Richers@yopmail.com,79,Recife,Philippines,26-11-2011
446,Rayna,Salvidor,Rayna.Salvidor@yopmail.com,23,Tartu,Wallis and Futuna,26-11-2002
447,Korrie,Screens,Korrie.Screens@yopmail.com,19,Pontianak,Ukraine,14-05-1946
448,Ada,Gino,Ada.Gino@yopmail.com,68,Murmansk,Suriname,20-09-1975
449,Correy,Cimbura,Correy.Cimbura@yopmail.com,39,Toulouse,Cayman Islands,23-12-1950
450,Nataline,Tamar,Nataline.Tamar@yopmail.com,68,Guwahati,United Arab Emirates,11-08-1949
451,Nanete,Isacco,Nanete.Isacco@yopmail.com,50,Sukhumi,Colombia,31-01-1993
452,Rayna,O'Neill,Rayna.O'Neill@yopmail.com,38,Tskhinvali,Greenland,17-11-2006
453,Mamie,Helve,Mamie.Helve@yopmail.com,71,Tampa,Pitcairn,14-08-1990
454,Riannon,Warthman,Riannon.Warthman@yopmail.com,74,Peshawar,Svalbard and Jan Mayen,19-06-1985
455,Madelle,Vastah,Madelle.Vastah@yopmail.com,73,Bamako,Macao,16-12-2021
456,Rhoda,Decato,Rhoda.Decato@yopmail.com,49,Sukhumi,Zimbabwe,01-09-1977
457,Belinda,Naashom,Belinda.Naashom@yopmail.com,49,Split (city),Colombia,27-07-1946
458,Dawn,Turne,Dawn.Turne@yopmail.com,76,Labasa,Kenya,11-09-2014
459,Cyndie,Lymann,Cyndie.Lymann@yopmail.com,59,Arequipa,Guatemala,14-08-1975
460,Clo,Gino,Clo.Gino@yopmail.com,32,Denver,"Lao People""S Democratic Republic",04-08-1982
461,Vivia,Garrison,Vivia.Garrison@yopmail.com,38,Managua,Italy,30-01-2017
462,Bibby,Podvin,Bibby.Podvin@yopmail.com,62,Ashgabat,Eritrea,23-09-1992
463,Audrie,Buttaro,Audrie.Buttaro@yopmail.com,29,Kano,Hungary,18-03-1990
464,Frank,Anyah,Frank.Anyah@yopmail.com,71,Ndola,Thailand,14-11-1950
465,Emylee,Hull,Emylee.Hull@yopmail.com,82,Amritsar,Dominica,12-11-1952
466,Lory,Killigrew,Lory.Killigrew@yopmail.com,56,Cusco,Mozambique,14-10-1945
467,Gwenneth,Monaco,Gwenneth.Monaco@yopmail.com,64,Charlotte,Mongolia,24-05-1992
468,Elena,Cimbura,Elena.Cimbura@yopmail.com,62,Arbil,"Korea, Democratic People""S Republic of",26-01-1961
469,Emylee,Gualtiero,Emylee.Gualtiero@yopmail.com,42,Shillong,Spain,04-02-1980
470,Mary,Israeli,Mary.Israeli@yopmail.com,34,Funafuti,"Tanzania, United Republic of",23-05-1946
471,Blake,Radu,Blake.Radu@yopmail.com,68,Dammam,Bangladesh,06-05-1983
472,Albertina,Heidt,Albertina.Heidt@yopmail.com,19,Charlotte,Suriname,26-04-2016
473,Estell,Clarissa,Estell.Clarissa@yopmail.com,58,Norilsk,Faroe Islands,19-10-1975
474,Chere,Kristi,Chere.Kristi@yopmail.com,38,Amman,Antarctica,14-10-1982
475,Shel,Anis,Shel.Anis@yopmail.com,83,Dallas,Saint Pierre and Miquelon,14-07-1951
476,Doro,Mozelle,Doro.Mozelle@yopmail.com,51,Lagos,Bosnia and Herzegovina,18-08-1982
477,Queenie,Jena,Queenie.Jena@yopmail.com,41,Kuwait City,Thailand,24-10-1963
478,Corly,Marijo,Corly.Marijo@yopmail.com,83,Glasgow,Zimbabwe,25-02-1995
479,Deedee,Hailee,Deedee.Hailee@yopmail.com,59,The Hague,Denmark,24-12-1970
480,Shel,Stover,Shel.Stover@yopmail.com,21,Kraków,Chile,26-03-1989
481,Stevana,Stover,Stevana.Stover@yopmail.com,16,Johor Bahru,Puerto Rico,25-01-1997
482,Sonni,Dimitris,Sonni.Dimitris@yopmail.com,39,Lilongwe,Monaco,16-05-1982
483,Vinita,Vorster,Vinita.Vorster@yopmail.com,62,Kansas City,Hungary,21-08-2017
484,Zia,Fiann,Zia.Fiann@yopmail.com,51,Denpasar,Madagascar,27-07-1997
485,Lyssa,Hieronymus,Lyssa.Hieronymus@yopmail.com,49,Kunming,Turkey,16-12-1965
486,Dorothy,Rona,Dorothy.Rona@yopmail.com,34,Adak,Thailand,30-07-2011
487,Rori,Marsden,Rori.Marsden@yopmail.com,39,The Hague,Switzerland,24-11-1968
488,Noelle,Niccolo,Noelle.Niccolo@yopmail.com,35,Anadyr (town),Tokelau,31-12-1994
489,Sara-Ann,Brian,Sara-Ann.Brian@yopmail.com,82,Ottawa,Mayotte,05-02-1969
490,Leia,Hathaway,Leia.Hathaway@yopmail.com,64,La Serena,Falkland Islands (Malvinas),27-02-1948
491,Janis,Nelsen,Janis.Nelsen@yopmail.com,50,Jersey City,Ghana,04-07-1954
492,Felice,Adrienne,Felice.Adrienne@yopmail.com,17,Rockhampton,Albania,11-06-1963
493,Randa,Hoenack,Randa.Hoenack@yopmail.com,37,Brussels,Chile,05-01-1952
494,Magdalena,Maryanne,Magdalena.Maryanne@yopmail.com,62,Ürümqi,Burkina Faso,05-02-1952
495,Adelle,Elsinore,Adelle.Elsinore@yopmail.com,77,Lhasa,Venezuela,01-04-1955
496,Patricia,Greenwald,Patricia.Greenwald@yopmail.com,57,Rawalpindi,Viet Nam,08-09-1988
497,Shell,Even,Shell.Even@yopmail.com,52,Pattaya,Estonia,30-03-2002
498,Katharina,Goldina,Katharina.Goldina@yopmail.com,67,Dakar,Algeria,12-12-2002
499,Dania,Ruvolo,Dania.Ruvolo@yopmail.com,67,Ndola,American Samoa,27-01-2002
500,Carilyn,Pulsifer,Carilyn.Pulsifer@yopmail.com,19,Ürümqi,Brunei Darussalam,24-04-1960
501,Cherrita,Agle,Cherrita.Agle@yopmail.com,37,Bandar Seri Begawan,Philippines,09-12-2021
502,Bill,Darrell,Bill.Darrell@yopmail.com,19,Norilsk,Puerto Rico,07-05-1958
503,Larine,Rustice,Larine.Rustice@yopmail.com,67,Semarang,Bangladesh,13-06-1987
504,Ekaterina,Vernier,Ekaterina.Vernier@yopmail.com,18,Wuhan,Åland Islands,03-02-1952
505,Roberta,Lattie,Roberta.Lattie@yopmail.com,76,Omsk,Northern Mariana Islands,17-02-1955
506,Ekaterina,Ciro,Ekaterina.Ciro@yopmail.com,80,Kanpur,Kyrgyzstan,25-01-1979
507,Helsa,Leonard,Helsa.Leonard@yopmail.com,37,İzmir,United Kingdom,15-12-2015
508,Lanna,Goldina,Lanna.Goldina@yopmail.com,24,Luxor,Zambia,18-08-1975
509,Ann-Marie,Klotz,Ann-Marie.Klotz@yopmail.com,51,Jayapura,Svalbard and Jan Mayen,14-07-1981
510,Tami,Melan,Tami.Melan@yopmail.com,61,Pattaya,El Salvador,15-03-2020
511,Rosaline,Magnolia,Rosaline.Magnolia@yopmail.com,76,Pago Pago,New Caledonia,17-03-2006
512,Bill,Hermes,Bill.Hermes@yopmail.com,43,Sitka,Wallis and Futuna,03-09-2015
513,Bertine,Azeria,Bertine.Azeria@yopmail.com,70,Port Said,Chad,24-07-1947
514,Kylynn,Diogenes,Kylynn.Diogenes@yopmail.com,41,Banjul,"Micronesia, Federated States of",28-01-1996
515,Susette,Brandice,Susette.Brandice@yopmail.com,58,Bratislava,Cyprus,29-03-1968
516,Nita,Tristram,Nita.Tristram@yopmail.com,76,San Fernando,Israel,07-12-1978
517,Joeann,Cohdwell,Joeann.Cohdwell@yopmail.com,75,Denpasar,"Korea, Republic of",28-06-1970
518,Lila,Manolo,Lila.Manolo@yopmail.com,81,Birkirkara,Belgium,29-05-1948
519,Cassandra,Berard,Cassandra.Berard@yopmail.com,29,Karachi,Northern Mariana Islands,08-03-1945
520,Louella,Joachim,Louella.Joachim@yopmail.com,20,Las Palmas de Gran Canaria,Saint Pierre and Miquelon,01-04-1952
521,Alia,Vary,Alia.Vary@yopmail.com,22,Simferopol,Equatorial Guinea,30-11-2021
522,Carree,Bethany,Carree.Bethany@yopmail.com,80,Taipei,Turkey,06-09-2003
523,Ronna,Kimmie,Ronna.Kimmie@yopmail.com,83,Copenhagen,Gambia,26-05-1953
524,Roslyn,Jammal,Roslyn.Jammal@yopmail.com,21,Kuching,"Micronesia, Federated States of",04-06-1979
525,Janenna,Glenden,Janenna.Glenden@yopmail.com,75,Asunción,Cyprus,08-09-1999
526,Kristan,Eachern,Kristan.Eachern@yopmail.com,63,Cockburn Town,Albania,22-10-1978
527,Pollyanna,Kussell,Pollyanna.Kussell@yopmail.com,39,Multan,Mayotte,30-09-2012
528,Aurore,Joni,Aurore.Joni@yopmail.com,40,Kabul,Qatar,27-09-1956
529,Charissa,Durware,Charissa.Durware@yopmail.com,39,Regina,Estonia,31-10-2004
530,Blake,Munn,Blake.Munn@yopmail.com,33,Shillong,Thailand,06-06-1990
531,Nataline,Knowling,Nataline.Knowling@yopmail.com,67,Shenyang,Germany,02-02-1971
532,Kittie,Alrich,Kittie.Alrich@yopmail.com,20,Marrakech,Jamaica,18-02-2019
533,Joeann,Rugen,Joeann.Rugen@yopmail.com,78,Port Moresby,Guinea,19-07-1952
534,Vere,Brittani,Vere.Brittani@yopmail.com,36,Lviv,Cyprus,16-11-1957
535,Myriam,Robertson,Myriam.Robertson@yopmail.com,84,Buenos Aires,Belize,24-02-1948
536,Clo,Cecile,Clo.Cecile@yopmail.com,67,Douglas,Latvia,07-01-1975
537,Kristina,Liebermann,Kristina.Liebermann@yopmail.com,80,Banjul,"Congo, The Democratic Republic of the",13-10-1946
538,Ardenia,Zetta,Ardenia.Zetta@yopmail.com,36,Palembang,Fiji,12-11-1992
539,Steffane,Maurine,Steffane.Maurine@yopmail.com,84,Huế,Timor-Leste,05-08-1958
540,Dacia,Gunn,Dacia.Gunn@yopmail.com,80,Guwahati,United States Minor Outlying Islands,11-01-2008
541,Marcy,Tiffa,Marcy.Tiffa@yopmail.com,46,Mbabane,"Korea, Republic of",28-03-2013
542,Mellicent,Urias,Mellicent.Urias@yopmail.com,21,Frankfurt,Botswana,29-06-1996
543,Chrystel,Holbrook,Chrystel.Holbrook@yopmail.com,39,George Town,Cuba,02-12-1994
544,Kathy,Giff,Kathy.Giff@yopmail.com,61,Adana,Albania,10-09-1956
545,Binny,Terrence,Binny.Terrence@yopmail.com,83,Moscow,Norway,27-12-1993
546,Basia,Argus,Basia.Argus@yopmail.com,83,Marrakech,China,26-02-2007
547,Cristine,Shaver,Cristine.Shaver@yopmail.com,18,Taichung,Sao Tome and Principe,21-05-1947
548,Max,Lynn,Max.Lynn@yopmail.com,49,Ciudad del Este,Niue,29-10-1984
549,Raina,Noman,Raina.Noman@yopmail.com,79,Austin,"Virgin Islands, British",24-05-1951
550,Madalyn,Alcott,Madalyn.Alcott@yopmail.com,26,Mersin,Northern Mariana Islands,14-01-2010
551,Adore,Linehan,Adore.Linehan@yopmail.com,65,Hiroshima,Iraq,13-11-1955
552,Glenda,Stuart,Glenda.Stuart@yopmail.com,49,Zhengzhou,Aruba,21-01-1946
553,Nyssa,Ahab,Nyssa.Ahab@yopmail.com,34,Dhaka,Burundi,26-09-1948
554,Aaren,Henrie,Aaren.Henrie@yopmail.com,63,Malabo,Uruguay,04-12-1967
555,Gloria,Vernier,Gloria.Vernier@yopmail.com,37,Leipzig,Bahrain,19-02-1989
556,Liana,Pettiford,Liana.Pettiford@yopmail.com,20,Valdivia,Colombia,08-04-1957
557,Perry,Nedrud,Perry.Nedrud@yopmail.com,31,Harare,Falkland Islands (Malvinas),18-03-1972
558,Cristine,Pauly,Cristine.Pauly@yopmail.com,83,Nagpur,Bhutan,22-10-2002
559,Wileen,Mayeda,Wileen.Mayeda@yopmail.com,19,Ottawa,Romania,21-03-2019
560,Linet,Rosemary,Linet.Rosemary@yopmail.com,19,Quetzaltenango,Ethiopia,29-07-1949
561,Dorice,Othilia,Dorice.Othilia@yopmail.com,22,Toulouse,Armenia,22-09-1958
562,Ida,Jehu,Ida.Jehu@yopmail.com,61,Canberra,Albania,04-09-1970
563,Lanna,Wyn,Lanna.Wyn@yopmail.com,58,Guangzhou,Papua New Guinea,24-01-1951
564,Marjie,Arley,Marjie.Arley@yopmail.com,75,Wonsan,Ethiopia,19-11-1980
565,Beatriz,Bates,Beatriz.Bates@yopmail.com,34,Valencia,Saint Lucia,11-10-1982
566,Melanie,Dorothy,Melanie.Dorothy@yopmail.com,34,Willemstad,Liechtenstein,06-03-2011
567,Tabbatha,Sasnett,Tabbatha.Sasnett@yopmail.com,18,Avarua,Honduras,15-02-1947
568,Fanchon,Decato,Fanchon.Decato@yopmail.com,83,Omdurman,Namibia,03-03-1989
569,Brana,Socha,Brana.Socha@yopmail.com,46,Guadalajara,Tajikistan,03-02-1986
570,Clary,Kravits,Clary.Kravits@yopmail.com,45,Wichita,Vanuatu,31-10-1965
571,Kassey,Judye,Kassey.Judye@yopmail.com,43,Quetzaltenango,Russian Federation,21-04-1987
572,Leontine,Jalbert,Leontine.Jalbert@yopmail.com,17,Hanover,Austria,09-12-2001
573,Dulcinea,Nerita,Dulcinea.Nerita@yopmail.com,71,Vitória,Zambia,12-04-1960
574,Alyda,Chem,Alyda.Chem@yopmail.com,26,Saint John,"Virgin Islands, U.S.",10-05-1971
575,Theodora,Frodi,Theodora.Frodi@yopmail.com,80,Mandurah,Barbados,25-11-1995
576,Nadine,Egbert,Nadine.Egbert@yopmail.com,71,Malang,Maldives,20-02-1998
577,Clarice,Presber,Clarice.Presber@yopmail.com,56,Porto Velho,South Georgia and the South Sandwich Islands,15-06-1999
578,Rosabelle,Blake,Rosabelle.Blake@yopmail.com,19,Fortaleza,Jordan,03-08-1965
579,Demetris,Yate,Demetris.Yate@yopmail.com,69,Dili,Western Sahara,31-03-1961
580,Ayn,Tippets,Ayn.Tippets@yopmail.com,66,Lisbon,Vanuatu,20-06-2003
581,Melanie,Ahab,Melanie.Ahab@yopmail.com,64,Copenhagen,Bouvet Island,02-04-2014
582,Thalia,Grimbly,Thalia.Grimbly@yopmail.com,17,Birkirkara,Mayotte,07-07-1954
583,Mireielle,Dawkins,Mireielle.Dawkins@yopmail.com,46,Quetzaltenango,Croatia,02-06-2017
584,Lusa,Dosia,Lusa.Dosia@yopmail.com,37,Petropavlovsk-Kamchatsky,Malawi,12-08-2005
585,Lisette,Elbertina,Lisette.Elbertina@yopmail.com,49,Port of Spain,Poland,14-09-2017
586,Eve,Keily,Eve.Keily@yopmail.com,20,Basra,Belarus,19-06-2012
587,Anestassia,Naashom,Anestassia.Naashom@yopmail.com,63,Lilongwe,Bouvet Island,10-06-1999
588,Starla,Charmine,Starla.Charmine@yopmail.com,78,Albuquerque,Cameroon,07-05-1947
589,Gavrielle,Byrne,Gavrielle.Byrne@yopmail.com,66,Wollongong,Christmas Island,06-04-2014
590,Annaliese,Doig,Annaliese.Doig@yopmail.com,83,Tórshavn,Benin,26-07-1990
591,Annaliese,Dawkins,Annaliese.Dawkins@yopmail.com,85,Tskhinvali,Singapore,06-08-1975
592,Amelia,Japeth,Amelia.Japeth@yopmail.com,25,Las Palmas de Gran Canaria,Egypt,11-09-1950
593,Damaris,Firmin,Damaris.Firmin@yopmail.com,44,Philadelphia,Japan,12-12-2007
594,Kathy,Bandeen,Kathy.Bandeen@yopmail.com,51,Bergen,Pitcairn,06-10-1990
595,Nessie,Stuart,Nessie.Stuart@yopmail.com,45,Brisbane,"Lao People""S Democratic Republic",10-01-1960
596,Karena,Marisa,Karena.Marisa@yopmail.com,17,Adelaide,Congo,29-12-1975
597,Courtnay,Berne,Courtnay.Berne@yopmail.com,71,Dibrugarh,Israel,24-12-1993
598,Nannie,Papageno,Nannie.Papageno@yopmail.com,64,Banjul,Equatorial Guinea,30-12-1991
599,Fanchon,Docilla,Fanchon.Docilla@yopmail.com,29,Novosibirsk,Mexico,03-09-2008
600,Leeanne,Marijo,Leeanne.Marijo@yopmail.com,72,Mérida,Singapore,16-09-1982
601,Celestyna,Toor,Celestyna.Toor@yopmail.com,45,Wichita,Mayotte,12-12-1950
602,Verla,Koehler,Verla.Koehler@yopmail.com,33,Lubumbashi,Liechtenstein,22-03-1972
603,Darlleen,Greyson,Darlleen.Greyson@yopmail.com,50,Zagreb,Spain,22-04-1957
604,Donetta,Gualtiero,Donetta.Gualtiero@yopmail.com,55,Moroni,Monaco,21-11-1991
605,Di,Alfons,Di.Alfons@yopmail.com,65,Charlotte,Guinea-Bissau,22-08-1961
606,Phylis,Cassius,Phylis.Cassius@yopmail.com,85,Lhasa,Seychelles,29-10-1988
607,Dennie,Harl,Dennie.Harl@yopmail.com,46,São Paulo,Northern Mariana Islands,25-02-1964
608,Celisse,Cleavland,Celisse.Cleavland@yopmail.com,34,Nouméa,India,08-04-1986
609,Isa,Pearse,Isa.Pearse@yopmail.com,47,Hong Kong,Somalia,13-03-1964
610,Queenie,Atonsah,Queenie.Atonsah@yopmail.com,31,Tagbilaran,Peru,24-03-1961
611,Cassandra,Brieta,Cassandra.Brieta@yopmail.com,29,Kingstown,Haiti,13-01-1991
612,Alisha,Jethro,Alisha.Jethro@yopmail.com,55,Raleigh,Kyrgyzstan,22-01-1955
613,Mellicent,Flita,Mellicent.Flita@yopmail.com,45,Bursa,"Moldova, Republic of",08-08-2017
614,Esmeralda,Hortensia,Esmeralda.Hortensia@yopmail.com,79,Santa Cruz de Tenerife,Gibraltar,09-08-1993
615,Jessy,Harl,Jessy.Harl@yopmail.com,76,Santa Cruz de la Sierra,Bangladesh,22-02-1983
616,Emmey,Darian,Emmey.Darian@yopmail.com,38,Belize City,Bahamas,17-09-1979
617,Linzy,Hillel,Linzy.Hillel@yopmail.com,32,San José,French Southern Territories,01-09-1979
618,Suzette,Saunderson,Suzette.Saunderson@yopmail.com,79,Amritsar,"Lao People""S Democratic Republic",18-06-2017
619,Collen,Tarrant,Collen.Tarrant@yopmail.com,78,Jersey City,Jordan,23-04-1954
620,Louella,Wu,Louella.Wu@yopmail.com,17,Thessaloniki,Faroe Islands,13-09-1953
621,Meg,Bouchard,Meg.Bouchard@yopmail.com,52,San José,Italy,26-11-1989
622,Nelle,Ovid,Nelle.Ovid@yopmail.com,62,Providence,China,14-09-2012
623,Giustina,Estella,Giustina.Estella@yopmail.com,30,Istanbul,Angola,14-05-1983
624,Latisha,Land,Latisha.Land@yopmail.com,56,Quebec City,Mauritius,29-06-1999
625,Celene,Brotherson,Celene.Brotherson@yopmail.com,60,Arbil,Fiji,22-03-1976
626,Bettine,Felecia,Bettine.Felecia@yopmail.com,41,Conakry,Canada,30-12-1983
627,Selia,Marden,Selia.Marden@yopmail.com,47,Novosibirsk,Chad,11-10-1980
628,Daphne,Bergman,Daphne.Bergman@yopmail.com,60,Oslo,Guadeloupe,02-02-1989
629,Rebeca,Suk,Rebeca.Suk@yopmail.com,63,Buffalo,Kiribati,20-12-1945
630,Betta,Nerita,Betta.Nerita@yopmail.com,20,Malé,Austria,17-07-2013
631,Jorry,Georgy,Jorry.Georgy@yopmail.com,46,Yekaterinburg,Malawi,07-02-2021
632,Susan,Federica,Susan.Federica@yopmail.com,62,N'Djamena,Nicaragua,03-03-1992
633,Pamella,Nikaniki,Pamella.Nikaniki@yopmail.com,16,Kandy,Burkina Faso,06-02-1990
634,Tressa,Gwenore,Tressa.Gwenore@yopmail.com,31,Tehran,Guadeloupe,18-12-2007
635,Gloria,Buttaro,Gloria.Buttaro@yopmail.com,54,Chihuahua,"Palestinian Territory, Occupied",16-11-1961
636,Lizzie,Ethban,Lizzie.Ethban@yopmail.com,84,Beijing,Argentina,20-05-1995
637,Linet,Grayce,Linet.Grayce@yopmail.com,63,Maputo,United States Minor Outlying Islands,07-02-1970
638,Goldie,Lalitta,Goldie.Lalitta@yopmail.com,76,Saipan,Saudi Arabia,14-04-1948
639,Calla,Ummersen,Calla.Ummersen@yopmail.com,43,Andorra la Vella,Gambia,20-09-2010
640,Pierette,Pond,Pierette.Pond@yopmail.com,60,Labasa,"Palestinian Territory, Occupied",28-01-1951
641,Fayre,Faust,Fayre.Faust@yopmail.com,67,Pretoria,Christmas Island,22-09-2021
642,Fanchon,Denis,Fanchon.Denis@yopmail.com,45,Hai Phong,Wallis and Futuna,16-08-1983
643,Patricia,Allys,Patricia.Allys@yopmail.com,66,Brussels,Northern Mariana Islands,18-01-2013
644,Madeleine,Jary,Madeleine.Jary@yopmail.com,23,Asmara,Guinea-Bissau,14-12-2019
645,Corina,Madelene,Corina.Madelene@yopmail.com,60,Yaoundé,Lesotho,23-09-1955
646,Ermengarde,Wyn,Ermengarde.Wyn@yopmail.com,79,Malabo,Grenada,25-05-2019
647,Merle,Wu,Merle.Wu@yopmail.com,79,Seoul,Tuvalu,16-03-1975
648,Talya,Kamaria,Talya.Kamaria@yopmail.com,29,Dresden,Haiti,19-11-1970
649,Aurore,Muriel,Aurore.Muriel@yopmail.com,68,Panama City,Mozambique,30-10-1956
650,Constance,Gemini,Constance.Gemini@yopmail.com,24,Saipan,Uzbekistan,07-10-1955
651,Lynnea,Morehouse,Lynnea.Morehouse@yopmail.com,24,Manila,Equatorial Guinea,03-05-1985
652,Jackie,Rozanna,Jackie.Rozanna@yopmail.com,32,Melekeok,Cyprus,03-04-1973
653,Nataline,Cohdwell,Nataline.Cohdwell@yopmail.com,41,Salt Lake City,"Virgin Islands, British",05-02-1986
654,Halette,Pandolfi,Halette.Pandolfi@yopmail.com,37,Dallas,Honduras,08-01-2007
655,Rosene,Grosz,Rosene.Grosz@yopmail.com,34,Lusaka,Guinea,26-05-1959
656,Helsa,Catie,Helsa.Catie@yopmail.com,70,Washington,Costa Rica,03-02-2007
657,Louella,Candy,Louella.Candy@yopmail.com,71,Fukuoka,Uganda,09-11-1967
658,Nadine,Bakerman,Nadine.Bakerman@yopmail.com,19,Luxor,Namibia,12-05-1989
659,Kristan,Borrell,Kristan.Borrell@yopmail.com,80,Brasília,Mayotte,15-02-1965
660,Jean,Lia,Jean.Lia@yopmail.com,40,Tbilisi,Philippines,19-09-1993
661,Allyce,Bandeen,Allyce.Bandeen@yopmail.com,51,Minsk,Kiribati,26-06-1953
662,Marika,Wildermuth,Marika.Wildermuth@yopmail.com,69,Strasbourg,Kiribati,05-11-1997
663,Alameda,Junie,Alameda.Junie@yopmail.com,63,Brazzaville,Greenland,11-01-1962
664,Damaris,Fiann,Damaris.Fiann@yopmail.com,40,Alexandria,Hong Kong,23-12-1956
665,Lila,Hunfredo,Lila.Hunfredo@yopmail.com,19,San Diego,Mayotte,18-08-2000
666,Marsiella,Willie,Marsiella.Willie@yopmail.com,24,Curitiba,Cocos (Keeling) Islands,25-12-1987
667,Elbertina,Turne,Elbertina.Turne@yopmail.com,22,Istanbul,Pitcairn,19-10-1947
668,Sallie,Rurik,Sallie.Rurik@yopmail.com,63,Milan,Djibouti,23-11-2021
669,Konstance,Madaih,Konstance.Madaih@yopmail.com,64,Lhasa,Greece,10-05-1989
670,Karina,Philoo,Karina.Philoo@yopmail.com,33,Yerevan,Armenia,26-12-1958
671,Netty,Cath,Netty.Cath@yopmail.com,60,Maceió,Thailand,24-05-2001
672,Amalie,Gaspard,Amalie.Gaspard@yopmail.com,22,Campo Grande,Cape Verde,12-08-1977
673,Althea,Wenda,Althea.Wenda@yopmail.com,60,Qingdao,Tokelau,29-01-1946
674,Claudina,Cosenza,Claudina.Cosenza@yopmail.com,50,Avarua,Bahrain,30-05-1964
675,Angela,Rillings,Angela.Rillings@yopmail.com,38,Pyongyang,Norway,18-08-1964
676,Gaylene,Bobbee,Gaylene.Bobbee@yopmail.com,19,Kansas City,Iceland,07-04-2018
677,Karly,Wareing,Karly.Wareing@yopmail.com,78,Rome,Belarus,04-09-2010
678,Elka,Manolo,Elka.Manolo@yopmail.com,37,Moroni,Singapore,24-07-1965
679,Emma,Colp,Emma.Colp@yopmail.com,49,Huế,Spain,01-06-1993
680,Chrystel,Sheedy,Chrystel.Sheedy@yopmail.com,48,Oklahoma City,Cyprus,14-12-1952
681,Ethel,Odell,Ethel.Odell@yopmail.com,19,Kuala Lumpur,Saint Kitts and Nevis,20-08-2017
682,Corene,Orlene,Corene.Orlene@yopmail.com,42,Liverpool,Guadeloupe,20-07-1957
683,Viki,Billye,Viki.Billye@yopmail.com,72,St. Louis,Djibouti,15-10-2000
684,Dennie,Gerge,Dennie.Gerge@yopmail.com,51,Lilongwe,Yemen,17-06-1978
685,Margarette,Lewes,Margarette.Lewes@yopmail.com,55,Wonsan,Jamaica,20-10-1959
686,Darlleen,Salvidor,Darlleen.Salvidor@yopmail.com,63,Hargeisa,Cameroon,26-05-1968
687,Meg,Nahum,Meg.Nahum@yopmail.com,75,Vancouver,Guinea,01-01-1956
688,Molli,Whiffen,Molli.Whiffen@yopmail.com,28,Shanghai,Iceland,18-07-1970
689,Lindie,Stacy,Lindie.Stacy@yopmail.com,23,Makassar,Latvia,24-01-1986
690,Elise,Jaylene,Elise.Jaylene@yopmail.com,51,Milan,"Tanzania, United Republic of",28-10-2004
691,Leanna,Tippets,Leanna.Tippets@yopmail.com,31,Alofi,Uganda,25-11-1965
692,Gratia,Marisa,Gratia.Marisa@yopmail.com,34,Willemstad,Mauritius,17-07-1965
693,Johna,Santoro,Johna.Santoro@yopmail.com,63,Sydney,San Marino,01-05-1971
694,Albertina,Sibyls,Albertina.Sibyls@yopmail.com,24,San Diego,Sri Lanka,01-08-1947
695,Kial,Paton,Kial.Paton@yopmail.com,31,San Francisco,South Africa,25-03-2001
696,Dolli,Macey,Dolli.Macey@yopmail.com,60,Nizhny Novgorod,Chad,20-07-1949
697,Sissy,Allina,Sissy.Allina@yopmail.com,55,Athens,Senegal,29-06-1981
698,Loree,Moseley,Loree.Moseley@yopmail.com,38,Gaza,Singapore,18-07-1973
699,Joceline,Karl,Joceline.Karl@yopmail.com,71,Algiers,Oman,23-12-1980
700,Peri,Ochs,Peri.Ochs@yopmail.com,53,Nuuk,Armenia,13-12-2002
701,Corly,Urias,Corly.Urias@yopmail.com,81,Mogadishu,El Salvador,20-05-1992
702,Moyna,Toffic,Moyna.Toffic@yopmail.com,42,Bahía Blanca,Slovakia,02-08-1992
703,Inga,Syd,Inga.Syd@yopmail.com,62,Greenwich,Samoa,10-05-1992
704,Livvyy,Sawtelle,Livvyy.Sawtelle@yopmail.com,78,Podgorica,Czech Republic,22-10-1961
705,Sabina,Charmine,Sabina.Charmine@yopmail.com,23,Graz,Liberia,04-05-1955
706,Valera,Alice,Valera.Alice@yopmail.com,48,Mwanza,France,24-02-1978
707,Krystle,Ludewig,Krystle.Ludewig@yopmail.com,71,Amritsar,Iceland,15-03-2015
708,Charissa,Klotz,Charissa.Klotz@yopmail.com,36,Ludhiana,Norfolk Island,27-06-1952
709,Maryellen,Irmine,Maryellen.Irmine@yopmail.com,57,Simferopol,Syrian Arab Republic,17-09-1966
710,Mellicent,Helfand,Mellicent.Helfand@yopmail.com,79,Dresden,RWANDA,05-02-1981
711,Flory,Jarib,Flory.Jarib@yopmail.com,26,Omsk,Tokelau,08-11-1969
712,Donetta,Hillel,Donetta.Hillel@yopmail.com,56,Valletta,Barbados,01-12-1951
713,Courtnay,Granoff,Courtnay.Granoff@yopmail.com,21,Sapporo,Brazil,19-11-1971
714,Dorthy,Uird,Dorthy.Uird@yopmail.com,29,Marseille,Uganda,27-12-1953
715,Sara-Ann,Wind,Sara-Ann.Wind@yopmail.com,70,Douglas,Albania,31-08-1997
716,Shirlee,Fulmer,Shirlee.Fulmer@yopmail.com,24,Lima,Mozambique,13-10-2020
717,Elie,Hoban,Elie.Hoban@yopmail.com,60,Porto-Novo,"Cote D""Ivoire",03-07-1956
718,Alyda,Howlyn,Alyda.Howlyn@yopmail.com,57,Castries,Cameroon,19-01-2011
719,Aigneis,Beniamino,Aigneis.Beniamino@yopmail.com,46,Denpasar,Kenya,19-07-1947
720,Carmencita,Etom,Carmencita.Etom@yopmail.com,65,Nukuʻalofa,Mexico,08-07-1982
721,Kittie,Ardeha,Kittie.Ardeha@yopmail.com,58,Yaren District,Jordan,12-06-1995
722,Dania,Keily,Dania.Keily@yopmail.com,57,Multan,China,03-07-1980
723,Melanie,Nikaniki,Melanie.Nikaniki@yopmail.com,70,Mumbai,Cyprus,18-05-2001
724,Jennica,Calhoun,Jennica.Calhoun@yopmail.com,17,Cusco,American Samoa,06-08-1990
725,Bobbi,Muriel,Bobbi.Muriel@yopmail.com,23,Budapest,San Marino,11-07-1967
726,Caressa,Tyson,Caressa.Tyson@yopmail.com,71,Hiroshima,Fiji,11-10-1949
727,Roz,Yuille,Roz.Yuille@yopmail.com,18,Vaduz,Saudi Arabia,28-07-1987
728,Madalyn,Hutchison,Madalyn.Hutchison@yopmail.com,28,San Juan,"Lao People""S Democratic Republic",11-10-1951
729,Maridel,Greenwald,Maridel.Greenwald@yopmail.com,29,Norilsk,Saint Kitts and Nevis,13-10-1971
730,Gui,Maisey,Gui.Maisey@yopmail.com,17,Niamey,Trinidad and Tobago,23-07-1968
731,Marsiella,Tufts,Marsiella.Tufts@yopmail.com,81,Suva,Guam,30-06-2019
732,Debee,Bronk,Debee.Bronk@yopmail.com,18,Riyadh,Niue,03-05-1955
733,Kore,Gavrila,Kore.Gavrila@yopmail.com,42,Pyongyang,Japan,22-09-2001
734,Cecile,Emanuel,Cecile.Emanuel@yopmail.com,71,Reykjavík,Gambia,20-10-2009
735,Linet,McNully,Linet.McNully@yopmail.com,48,Handan,Tunisia,15-10-1983
736,Eve,Phi,Eve.Phi@yopmail.com,48,Hai Phong,French Polynesia,05-10-1965
737,Aeriela,Thema,Aeriela.Thema@yopmail.com,53,Alor Star,Cuba,21-02-1968
738,Adelle,Milson,Adelle.Milson@yopmail.com,25,Beirut,Bahrain,01-11-2010
739,Jordan,Alva,Jordan.Alva@yopmail.com,48,Minneapolis,Western Sahara,16-07-1985
740,Augustine,Fry,Augustine.Fry@yopmail.com,84,St. John's,Christmas Island,19-05-1978
741,Johna,Lea,Johna.Lea@yopmail.com,70,Zagreb,Jamaica,11-01-1957
742,Meg,Dorine,Meg.Dorine@yopmail.com,36,Ashgabat,Argentina,29-11-2009
743,Aryn,Sekofski,Aryn.Sekofski@yopmail.com,28,Pattaya,Chad,21-11-2017
744,Trudie,Cosenza,Trudie.Cosenza@yopmail.com,83,Espoo,Belarus,31-05-1975
745,Kittie,Zuzana,Kittie.Zuzana@yopmail.com,80,Arequipa,Kyrgyzstan,08-05-1995
746,Michaelina,Leifeste,Michaelina.Leifeste@yopmail.com,70,Muscat,Cambodia,12-02-1952
747,Priscilla,Toffic,Priscilla.Toffic@yopmail.com,63,Chittagong,Pakistan,10-11-1986
748,Anthia,Karylin,Anthia.Karylin@yopmail.com,49,Balikpapan,Ireland,28-12-1977
749,Aurore,Letsou,Aurore.Letsou@yopmail.com,17,Makassar,Belarus,03-09-1967
750,Grier,Rubie,Grier.Rubie@yopmail.com,56,Amsterdam,Latvia,17-09-1952
751,Ulrike,Nicoline,Ulrike.Nicoline@yopmail.com,48,Dresden,Mauritania,06-10-1962
752,Sherrie,Camden,Sherrie.Camden@yopmail.com,80,Liverpool,Peru,02-04-1961
753,Kimberley,Faust,Kimberley.Faust@yopmail.com,52,Port Louis,Serbia and Montenegro,05-06-2009
754,Shaine,Maryanne,Shaine.Maryanne@yopmail.com,80,Tskhinvali,Gambia,12-03-1953
755,Kirstin,Nerita,Kirstin.Nerita@yopmail.com,25,Hargeisa,"Cote D""Ivoire",07-06-1988
756,Gratia,Deegan,Gratia.Deegan@yopmail.com,79,Wichita,Guam,20-07-2010
757,Karlee,Pip,Karlee.Pip@yopmail.com,78,Yekaterinburg,Niue,11-10-1983
758,Zsa Zsa,Payson,Zsa Zsa.Payson@yopmail.com,49,Adelaide,South Africa,04-03-1948
759,Lily,Matthew,Lily.Matthew@yopmail.com,77,Cork (city),Armenia,31-05-1996
760,Ofilia,Viddah,Ofilia.Viddah@yopmail.com,80,Horta (Azores),"Virgin Islands, British",24-01-1957
761,Nollie,Carolin,Nollie.Carolin@yopmail.com,51,Boston,Bouvet Island,09-02-1945
762,Melina,Wooster,Melina.Wooster@yopmail.com,27,Niamey,Macao,08-09-1987
763,Nickie,Vary,Nickie.Vary@yopmail.com,23,Chengdu,Bolivia,27-03-2003
764,Harmonia,Reneta,Harmonia.Reneta@yopmail.com,77,South Tarawa,Western Sahara,15-10-1956
765,Anica,Earlie,Anica.Earlie@yopmail.com,23,Medan,India,05-02-1981
766,Esmeralda,Edvard,Esmeralda.Edvard@yopmail.com,31,Port Louis,Switzerland,27-01-2009
767,Emma,Mike,Emma.Mike@yopmail.com,42,Zhengzhou,Bahamas,31-07-2001
768,Ermengarde,Guthrie,Ermengarde.Guthrie@yopmail.com,85,Tamale,Philippines,23-03-2017
769,Amalie,Eckblad,Amalie.Eckblad@yopmail.com,23,Surabaya,Guyana,24-02-1959
770,Bernie,Shanley,Bernie.Shanley@yopmail.com,36,Tripoli,Bangladesh,17-08-1976
771,Marti,Fosque,Marti.Fosque@yopmail.com,18,Lahore,Libyan Arab Jamahiriya,10-08-1994
772,Sabina,Vanni,Sabina.Vanni@yopmail.com,58,Madrid,Brazil,03-05-1950
773,Bettine,Johanna,Bettine.Johanna@yopmail.com,54,Changchun,Holy See (Vatican City State),25-07-1965
774,Sadie,Delila,Sadie.Delila@yopmail.com,58,Port Blair,Mongolia,26-03-2014
775,Dominga,Stefa,Dominga.Stefa@yopmail.com,49,Ljubljana,Guernsey,09-05-2000
776,Yetty,Sigfrid,Yetty.Sigfrid@yopmail.com,58,Minneapolis,Bhutan,30-04-1955
777,Cecile,Schalles,Cecile.Schalles@yopmail.com,68,Frankfurt,Yemen,06-09-1979
778,Elvira,Miru,Elvira.Miru@yopmail.com,22,Wonsan,Singapore,30-08-2017
779,Olwen,Sholley,Olwen.Sholley@yopmail.com,18,Cairo,Turkmenistan,25-03-1995
780,Mariann,Herrera,Mariann.Herrera@yopmail.com,37,Islamabad,Equatorial Guinea,21-12-1963
781,Elsie,Cutlerr,Elsie.Cutlerr@yopmail.com,22,Stepanakert,Singapore,03-03-1987
782,Gusella,Fadiman,Gusella.Fadiman@yopmail.com,53,Papeete,Switzerland,21-09-1980
783,Renie,Wittie,Renie.Wittie@yopmail.com,53,Tórshavn,Central African Republic,25-04-1979
784,Viviene,Myrilla,Viviene.Myrilla@yopmail.com,21,Nukulaelae,Dominican Republic,09-07-1961
785,Caritta,Linskey,Caritta.Linskey@yopmail.com,23,Berlin,Central African Republic,21-03-1995
786,Lauryn,Tatianas,Lauryn.Tatianas@yopmail.com,51,Bujumbura,Zambia,22-10-2018
787,Yolane,Rugen,Yolane.Rugen@yopmail.com,17,Bangkok,Tokelau,06-12-1973
788,Gisela,LaRue,Gisela.LaRue@yopmail.com,73,Dunedin,Bulgaria,28-05-1953
789,Imojean,Blake,Imojean.Blake@yopmail.com,68,Gangtok,Bulgaria,31-10-1966
790,Kayla,Vernier,Kayla.Vernier@yopmail.com,44,Charlottetown,Latvia,18-09-2017
791,Berta,Sinegold,Berta.Sinegold@yopmail.com,62,Kunming,Guatemala,26-04-1997
792,Agnese,Ardeha,Agnese.Ardeha@yopmail.com,78,Port Elizabeth,Puerto Rico,22-05-1970
793,Janis,Larochelle,Janis.Larochelle@yopmail.com,36,Port Said,RWANDA,01-05-1974
794,Doralynne,Colyer,Doralynne.Colyer@yopmail.com,81,Kyoto,Cambodia,08-02-1952
795,Valeda,Milde,Valeda.Milde@yopmail.com,58,Tucson,Puerto Rico,28-08-1989
796,Corene,Phi,Corene.Phi@yopmail.com,79,Barcelona,Oman,30-01-2015
797,Tami,Bronk,Tami.Bronk@yopmail.com,85,Albuquerque,Brazil,23-04-2010
798,Harmonia,Chick,Harmonia.Chick@yopmail.com,78,Iloilo City,Gibraltar,07-08-1999
799,Nita,Rheingold,Nita.Rheingold@yopmail.com,82,Lahore,Saint Helena,27-07-1959
800,Rivalee,Hanleigh,Rivalee.Hanleigh@yopmail.com,75,Mendoza,Poland,10-11-1982
801,Janeczka,Estella,Janeczka.Estella@yopmail.com,45,Casablanca,India,26-02-1989
802,Wanda,Holtz,Wanda.Holtz@yopmail.com,33,Osaka,Saint Lucia,10-09-1946
803,Bobinette,Killigrew,Bobinette.Killigrew@yopmail.com,52,Dallas,Romania,19-11-1956
804,Marjie,Maryanne,Marjie.Maryanne@yopmail.com,34,Prague,Nauru,18-01-1979
805,Tersina,Etom,Tersina.Etom@yopmail.com,81,Changchun,Costa Rica,18-04-1979
806,Sibella,Shaddock,Sibella.Shaddock@yopmail.com,51,Stuttgart,Fiji,23-09-1969
807,Beth,Bettine,Beth.Bettine@yopmail.com,18,Oklahoma City,Australia,30-08-1963
808,Merci,Viddah,Merci.Viddah@yopmail.com,64,George Town,Greece,13-02-1955
809,Flory,Gwenore,Flory.Gwenore@yopmail.com,31,Mexico City,Jersey,03-03-1996
810,Collen,Seagraves,Collen.Seagraves@yopmail.com,40,Shigatse,Bulgaria,13-12-1949
811,Elbertina,Flyn,Elbertina.Flyn@yopmail.com,48,Lisbon,Zimbabwe,07-02-1977
812,Tarra,Lucienne,Tarra.Lucienne@yopmail.com,82,Belmopan,Guernsey,18-07-1977
813,Betta,Artie,Betta.Artie@yopmail.com,46,Da Nang,Marshall Islands,20-03-1996
814,Katharina,Neva,Katharina.Neva@yopmail.com,35,Surat Thani,Bahrain,22-01-2000
815,Lolita,Whiffen,Lolita.Whiffen@yopmail.com,54,Chicago,Israel,02-12-1946
816,Mureil,Melan,Mureil.Melan@yopmail.com,22,Tijuana,Madagascar,10-08-1960
817,Marleah,Valoniah,Marleah.Valoniah@yopmail.com,85,Stepanakert,Ghana,16-01-1996
818,Gretal,Dulciana,Gretal.Dulciana@yopmail.com,26,Graz,Israel,17-05-2010
819,Alexine,Isacco,Alexine.Isacco@yopmail.com,59,Palikir,"Congo, The Democratic Republic of the",14-11-1985
820,Paola,Ciapas,Paola.Ciapas@yopmail.com,45,Honiara,Senegal,16-02-1974
821,Genevra,Lattie,Genevra.Lattie@yopmail.com,21,Helsinki,Saudi Arabia,05-05-1984
822,Petronia,Margarete,Petronia.Margarete@yopmail.com,68,Pristina,"Korea, Republic of",07-11-2021
823,Hildegaard,Hailee,Hildegaard.Hailee@yopmail.com,25,Birkirkara,Djibouti,16-03-2010
824,Bill,Palocz,Bill.Palocz@yopmail.com,74,Beirut,Tonga,20-07-1952
825,Lilith,Nisbet,Lilith.Nisbet@yopmail.com,23,Mumbai,Japan,30-04-2015
826,Dorothy,Hilbert,Dorothy.Hilbert@yopmail.com,78,Phuket (city),Timor-Leste,13-08-2003
827,Gianina,Rolf,Gianina.Rolf@yopmail.com,83,Guadalajara,Norfolk Island,14-11-2016
828,Ketti,Louanna,Ketti.Louanna@yopmail.com,73,Semarang,Uganda,26-12-2010
829,Ermengarde,Melan,Ermengarde.Melan@yopmail.com,29,Bridgetown,Jamaica,13-04-2004
830,Ivett,Ortrude,Ivett.Ortrude@yopmail.com,27,Nagpur,India,27-07-1979
831,Wanda,Eiser,Wanda.Eiser@yopmail.com,18,Bratislava,Niger,07-05-1959
832,Corene,Ietta,Corene.Ietta@yopmail.com,71,Maputo,Nauru,07-01-1986
833,Berta,Birdella,Berta.Birdella@yopmail.com,49,Oklahoma City,Nauru,30-01-1994
834,Rosanne,Philoo,Rosanne.Philoo@yopmail.com,53,Islamabad,Tuvalu,14-08-2005
835,Amara,Howlyn,Amara.Howlyn@yopmail.com,78,Dushanbe,"Korea, Republic of",21-07-2015
836,Kenna,Parsaye,Kenna.Parsaye@yopmail.com,51,Surat,Canada,30-03-1956
837,Eadie,Kaja,Eadie.Kaja@yopmail.com,75,Srinagar,Montserrat,07-01-1994
838,Jaime,Georgy,Jaime.Georgy@yopmail.com,79,Maracaibo,Trinidad and Tobago,01-04-1972
839,Max,Raffo,Max.Raffo@yopmail.com,22,Antofagasta,Saudi Arabia,25-04-2000
840,Cindelyn,Wattenberg,Cindelyn.Wattenberg@yopmail.com,75,Turin,Puerto Rico,02-03-2018
841,Wanda,Uund,Wanda.Uund@yopmail.com,61,Porto-Novo,United States,28-02-1947
842,Debee,Wandie,Debee.Wandie@yopmail.com,47,Phoenix,Spain,12-05-1946
843,Vevay,Cosenza,Vevay.Cosenza@yopmail.com,76,Nagoya,Netherlands Antilles,18-03-2004
844,Marsiella,Yam,Marsiella.Yam@yopmail.com,33,Hobart,Swaziland,02-04-1990
845,Annabela,Baylor,Annabela.Baylor@yopmail.com,51,Abu Dhabi,Gibraltar,20-04-1996
846,Emma,Argus,Emma.Argus@yopmail.com,82,Tbilisi,United Kingdom,20-08-1979
847,Heida,Tengdin,Heida.Tengdin@yopmail.com,64,Abuja,Cape Verde,20-10-1952
848,Nicoli,Roumell,Nicoli.Roumell@yopmail.com,40,Toronto,Gibraltar,20-10-1988
849,Peri,Longfellow,Peri.Longfellow@yopmail.com,43,Tianjin,Timor-Leste,04-05-1999
850,Ethel,Peg,Ethel.Peg@yopmail.com,53,Lyon,Faroe Islands,08-09-1998
851,Elyssa,Felizio,Elyssa.Felizio@yopmail.com,42,Kota Kinabalu,Cuba,14-12-1972
852,Trixi,Gabrielli,Trixi.Gabrielli@yopmail.com,55,Casablanca,Puerto Rico,15-08-1991
853,Felice,Eldrid,Felice.Eldrid@yopmail.com,22,Melbourne,New Zealand,10-10-1988
854,Charmaine,Han,Charmaine.Han@yopmail.com,51,Xining,Sudan,14-11-1956
855,Frieda,Monaco,Frieda.Monaco@yopmail.com,57,Khartoum,Morocco,16-09-2007
856,Aimil,Orpah,Aimil.Orpah@yopmail.com,21,Hobart,Dominica,24-10-1963
857,Danika,Lory,Danika.Lory@yopmail.com,53,Adana,"Virgin Islands, British",16-02-1957
858,Taffy,Han,Taffy.Han@yopmail.com,70,Belfast,Niger,25-03-2019
859,Karena,Gherardo,Karena.Gherardo@yopmail.com,67,Monrovia,"Korea, Republic of",26-08-1959
860,Jerry,Boycey,Jerry.Boycey@yopmail.com,58,Porto-Novo,Saint Helena,13-10-1963
861,Marleah,Tjon,Marleah.Tjon@yopmail.com,50,Gaborone,Bahrain,03-08-2013
862,Brena,Codding,Brena.Codding@yopmail.com,18,Tiraspol,Cayman Islands,15-08-1950
863,Vere,Nickola,Vere.Nickola@yopmail.com,49,Kinshasa,United States Minor Outlying Islands,02-02-2003
864,Cacilie,Aldric,Cacilie.Aldric@yopmail.com,25,Pyongyang,South Africa,08-05-1968
865,Danika,Nance,Danika.Nance@yopmail.com,40,Chihuahua,Malaysia,09-08-1955
866,Fernande,Matthew,Fernande.Matthew@yopmail.com,54,Montreal,Saint Vincent and the Grenadines,19-08-1965
867,Jaime,Harriman,Jaime.Harriman@yopmail.com,37,Lubumbashi,British Indian Ocean Territory,04-05-1975
868,Therine,Flita,Therine.Flita@yopmail.com,48,Ouagadougou,AndorrA,24-02-1977
869,Theodora,Billye,Theodora.Billye@yopmail.com,34,Concepción,Guyana,11-02-2005
870,Molli,Richers,Molli.Richers@yopmail.com,71,Amsterdam,Cayman Islands,19-06-1985
871,Wileen,Sigfrid,Wileen.Sigfrid@yopmail.com,27,Bishkek,Ireland,28-06-1998
872,Zsa Zsa,Minetta,Zsa Zsa.Minetta@yopmail.com,44,Nizhny Novgorod,Slovenia,03-11-2013
873,Jacquetta,Earlie,Jacquetta.Earlie@yopmail.com,84,Athens,Gambia,11-09-2005
874,Cordi,Hachmin,Cordi.Hachmin@yopmail.com,20,Jeddah,Niger,31-03-1951
875,Joane,Kosey,Joane.Kosey@yopmail.com,34,Riverside,Sudan,10-05-2007
876,Georgetta,Lory,Georgetta.Lory@yopmail.com,25,Jaipur,Cook Islands,24-03-1978
877,Tani,Duwalt,Tani.Duwalt@yopmail.com,46,Pune,Angola,31-05-1970
878,Marti,Atcliffe,Marti.Atcliffe@yopmail.com,58,Phoenix,Somalia,16-03-1947
879,Dennie,Dannye,Dennie.Dannye@yopmail.com,46,Libreville,Malta,16-04-1986
880,Danika,Bach,Danika.Bach@yopmail.com,44,Kharkiv,Bermuda,24-06-1991
881,Gabriellia,Jarib,Gabriellia.Jarib@yopmail.com,83,Tokyo,French Southern Territories,25-08-1950
882,Margarette,Greenwald,Margarette.Greenwald@yopmail.com,73,Leeds,Bhutan,25-04-1976
883,Allis,Khorma,Allis.Khorma@yopmail.com,82,Thiès,Bangladesh,08-07-2007
884,Tonia,Thunell,Tonia.Thunell@yopmail.com,24,Rio Branco,Argentina,27-10-1955
885,Jerry,Geffner,Jerry.Geffner@yopmail.com,26,Ibadan,Montserrat,24-02-1990
886,Danika,Korey,Danika.Korey@yopmail.com,46,Beirut,Guyana,14-03-2012
887,Dione,Daegal,Dione.Daegal@yopmail.com,55,Tehran,Niger,24-02-2010
888,Correy,Chick,Correy.Chick@yopmail.com,62,Dar es Salaam,Latvia,15-08-1956
889,Silvana,Raseda,Silvana.Raseda@yopmail.com,80,Concepción,Denmark,25-10-2005
890,Cyb,Kylander,Cyb.Kylander@yopmail.com,48,Gibraltar,Liechtenstein,29-05-1949
891,Stephanie,Fulmer,Stephanie.Fulmer@yopmail.com,50,Sukhumi,Liechtenstein,28-09-1970
892,Lyssa,Ledah,Lyssa.Ledah@yopmail.com,58,Buffalo,Jamaica,14-02-1986
893,Lory,Herrera,Lory.Herrera@yopmail.com,22,Namangan,Turkey,26-03-1946
894,Mara,Bevin,Mara.Bevin@yopmail.com,44,Vaduz,"Taiwan, Province of China",01-02-1959
895,Frances,Nore,Frances.Nore@yopmail.com,56,Porto-Novo,Bulgaria,04-02-2000
896,Vere,Boycey,Vere.Boycey@yopmail.com,51,Minsk,Zambia,29-06-1954
897,Moyna,Stoller,Moyna.Stoller@yopmail.com,47,London,Serbia and Montenegro,28-02-2021
898,Netty,Wind,Netty.Wind@yopmail.com,19,Hagåtña,Oman,27-05-1948
899,Gwenneth,Engdahl,Gwenneth.Engdahl@yopmail.com,43,Louisville,French Southern Territories,01-02-1948
900,Fawne,Clarissa,Fawne.Clarissa@yopmail.com,37,Willemstad,Papua New Guinea,09-05-1980
901,Valera,Paton,Valera.Paton@yopmail.com,69,Multan,Tajikistan,28-08-1998
902,Nicoli,Melan,Nicoli.Melan@yopmail.com,69,Lucknow,British Indian Ocean Territory,05-10-1997
903,Ronna,Rhu,Ronna.Rhu@yopmail.com,79,Medina,Burundi,31-05-2000
904,Sam,Bouchard,Sam.Bouchard@yopmail.com,44,Bucharest,Syrian Arab Republic,02-05-1971
905,Chrystel,Larochelle,Chrystel.Larochelle@yopmail.com,73,Malacca Town,Canada,07-04-1969
906,Korrie,Freddi,Korrie.Freddi@yopmail.com,69,Gaborone,Wallis and Futuna,29-05-2010
907,Robbi,Jillane,Robbi.Jillane@yopmail.com,64,Cotonou,Vanuatu,10-08-2004
908,Helsa,Othilia,Helsa.Othilia@yopmail.com,64,Murmansk,Bahrain,04-08-1998
909,Angela,Timon,Angela.Timon@yopmail.com,70,Auckland,Monaco,07-09-1982
910,Aili,Larochelle,Aili.Larochelle@yopmail.com,47,Las Palmas de Gran Canaria,Sao Tome and Principe,27-07-2017
911,Rhea,Birdella,Rhea.Birdella@yopmail.com,33,Port Moresby,Suriname,03-11-2020
912,Anthia,Gordon,Anthia.Gordon@yopmail.com,54,Ludhiana,Cambodia,19-09-1958
913,Tina,Catie,Tina.Catie@yopmail.com,38,Pristina,Burkina Faso,24-08-1950
914,Ricky,Phyllis,Ricky.Phyllis@yopmail.com,79,Suva,Lithuania,16-02-2010
915,Beth,Diogenes,Beth.Diogenes@yopmail.com,41,Da Nang,Singapore,28-02-2011
916,Renae,Geffner,Renae.Geffner@yopmail.com,33,City of San Marino,Malta,14-08-2002
917,Gilda,Cosenza,Gilda.Cosenza@yopmail.com,63,Shenyang,"Palestinian Territory, Occupied",06-10-1951
918,Melodie,Mitzi,Melodie.Mitzi@yopmail.com,53,Beijing,Qatar,01-02-1967
919,Atlanta,Yate,Atlanta.Yate@yopmail.com,55,Moroni,Suriname,22-07-1967
920,Therine,Ricarda,Therine.Ricarda@yopmail.com,20,Zhengzhou,South Africa,14-03-1954
921,Sibella,Tacye,Sibella.Tacye@yopmail.com,83,Reykjavík,Christmas Island,11-10-1974
922,Elora,Keelia,Elora.Keelia@yopmail.com,37,Forked River,Macao,09-12-1992
923,Kate,Cullin,Kate.Cullin@yopmail.com,20,Dallas,Gabon,08-11-2018
924,Elise,Ellerey,Elise.Ellerey@yopmail.com,24,Batticaloa,United Kingdom,14-08-2006
925,Deloria,Hashim,Deloria.Hashim@yopmail.com,57,Maputo,Falkland Islands (Malvinas),25-10-1997
926,Kirstin,Fitzsimmons,Kirstin.Fitzsimmons@yopmail.com,66,Udon Thani,Armenia,04-12-2021
927,Ayn,Quinn,Ayn.Quinn@yopmail.com,27,Ibiza,Turkmenistan,24-09-1980
928,Vanessa,Allys,Vanessa.Allys@yopmail.com,44,Surat,French Polynesia,12-04-1975
929,Ruthe,Amethist,Ruthe.Amethist@yopmail.com,61,Seville,Cyprus,23-10-1990
930,Danny,Revkah,Danny.Revkah@yopmail.com,64,Iloilo City,Viet Nam,02-05-1995
931,Andree,Annice,Andree.Annice@yopmail.com,69,Port Blair,Benin,25-05-1964
932,Tabbatha,Orlene,Tabbatha.Orlene@yopmail.com,40,Dublin,Syrian Arab Republic,02-01-1976
933,Addia,Raseda,Addia.Raseda@yopmail.com,55,Chişinău,Italy,17-01-1957
934,Kathi,Wandie,Kathi.Wandie@yopmail.com,47,Mérida,Kenya,12-10-1967
935,Harrietta,Gabrielli,Harrietta.Gabrielli@yopmail.com,56,Wonsan,Costa Rica,15-10-1967
936,Starla,Ledah,Starla.Ledah@yopmail.com,25,Norilsk,Malawi,16-06-1965
937,Modestia,Thomasina,Modestia.Thomasina@yopmail.com,81,Port Hedland,"Virgin Islands, British",03-01-1990
938,Delilah,Florina,Delilah.Florina@yopmail.com,26,Santiago,Somalia,04-10-1980
939,Olwen,Reinke,Olwen.Reinke@yopmail.com,67,Ashgabat,Gabon,24-09-1948
940,Alleen,Nahum,Alleen.Nahum@yopmail.com,85,Timbuktu,Nauru,25-11-2000
941,Talya,Cloris,Talya.Cloris@yopmail.com,53,Zagreb,Vanuatu,23-02-1965
942,Aili,Cressida,Aili.Cressida@yopmail.com,55,Maceió,Cyprus,15-01-2021
943,Therine,Merriott,Therine.Merriott@yopmail.com,48,Nagoya,Belarus,11-05-1990
944,Nadine,Hanshaw,Nadine.Hanshaw@yopmail.com,36,Kathmandu,Kazakhstan,15-11-1996
945,Lelah,Goode,Lelah.Goode@yopmail.com,59,Ashgabat,Comoros,02-07-1946
946,Jasmina,Colbert,Jasmina.Colbert@yopmail.com,26,Split (city),Denmark,05-12-1963
947,Sonni,Christal,Sonni.Christal@yopmail.com,69,Bangalore,Nigeria,15-02-1986
948,Melina,Rudolph,Melina.Rudolph@yopmail.com,82,Macapá,Albania,27-11-1993
949,Ardys,Hanleigh,Ardys.Hanleigh@yopmail.com,58,Porto Alegre,Yemen,12-03-1975
950,Ilse,An,Ilse.An@yopmail.com,46,Dushanbe,France,14-06-1958
951,Hettie,Thilda,Hettie.Thilda@yopmail.com,26,Xi'an,El Salvador,14-10-1952
952,Talya,Publia,Talya.Publia@yopmail.com,26,Baku,Netherlands Antilles,10-06-2011
953,Johna,Seumas,Johna.Seumas@yopmail.com,68,Ljubljana,Costa Rica,22-10-1979
954,Amelia,Sancho,Amelia.Sancho@yopmail.com,70,Nakhon Ratchasima,Israel,12-11-2021
955,Alex,Karylin,Alex.Karylin@yopmail.com,33,Salzburg,Sudan,12-03-2011
956,Netty,Codding,Netty.Codding@yopmail.com,24,Denpasar,Papua New Guinea,28-06-1976
957,Jillayne,Aloise,Jillayne.Aloise@yopmail.com,48,Koulikoro,Brunei Darussalam,29-01-2011
958,Linzy,Autrey,Linzy.Autrey@yopmail.com,52,Kuala Lumpur,Somalia,21-07-2016
959,Valeda,Pacorro,Valeda.Pacorro@yopmail.com,84,El Aaiún,Hong Kong,07-04-2018
960,Mildrid,Aida,Mildrid.Aida@yopmail.com,29,Malé,Kiribati,12-08-1946
961,Keelia,Amadas,Keelia.Amadas@yopmail.com,81,Quito,Iraq,20-11-1995
962,Emmey,Nikaniki,Emmey.Nikaniki@yopmail.com,49,Zagreb,Dominica,05-04-1969
963,Morganica,Bouchard,Morganica.Bouchard@yopmail.com,50,Fukuoka,Croatia,25-02-2011
964,Vonny,Caitlin,Vonny.Caitlin@yopmail.com,55,Lima,Dominican Republic,29-10-2007
965,Marnia,Revkah,Marnia.Revkah@yopmail.com,70,Tashkent,Bosnia and Herzegovina,30-10-2000
966,Frieda,Bates,Frieda.Bates@yopmail.com,80,Huế,Brazil,19-10-1966
967,Lolita,Karylin,Lolita.Karylin@yopmail.com,18,Zhengzhou,Jordan,02-09-1959
968,Paule,Lipson,Paule.Lipson@yopmail.com,73,Vientiane,Bahamas,04-02-1962
969,Ulrike,Alabaster,Ulrike.Alabaster@yopmail.com,16,Chengdu,Gibraltar,11-07-2019
970,Juliane,Loleta,Juliane.Loleta@yopmail.com,46,Riyadh,Angola,17-10-2000
971,Marleah,Alfons,Marleah.Alfons@yopmail.com,75,Nice,Libyan Arab Jamahiriya,21-08-1996
972,Fidelia,Lemuela,Fidelia.Lemuela@yopmail.com,75,Pretoria,Belize,16-06-1995
973,Dania,Velick,Dania.Velick@yopmail.com,26,London,Zimbabwe,16-09-1970
974,Peri,Stacy,Peri.Stacy@yopmail.com,16,Belmopan,Cambodia,08-06-1946
975,Rozele,Evangelia,Rozele.Evangelia@yopmail.com,26,Tucson,Finland,05-04-1960
976,Joelly,Goldina,Joelly.Goldina@yopmail.com,52,Boa Vista,Antarctica,24-03-1993
977,Rivalee,Mathilde,Rivalee.Mathilde@yopmail.com,39,Durango,Guinea,14-03-1982
978,Emylee,Eiser,Emylee.Eiser@yopmail.com,33,Mashhad,Bahrain,13-09-1953
979,Arlina,Carvey,Arlina.Carvey@yopmail.com,22,Milan,Gabon,26-04-1973
980,Jenda,Monk,Jenda.Monk@yopmail.com,42,Tabriz,"Virgin Islands, British",24-08-1960
981,Barbi,Kesley,Barbi.Kesley@yopmail.com,54,Siem Reap,Russian Federation,30-10-1981
982,Andeee,Margarete,Andeee.Margarete@yopmail.com,37,Xining,Japan,22-04-2020
983,Ernesta,Colbert,Ernesta.Colbert@yopmail.com,75,Libreville,British Indian Ocean Territory,01-11-1988
984,Arabel,Ursulette,Arabel.Ursulette@yopmail.com,48,Copenhagen,"Palestinian Territory, Occupied",03-05-2020
985,Lory,Garbe,Lory.Garbe@yopmail.com,64,Cali,Latvia,28-05-2016
986,Rosene,Fabiola,Rosene.Fabiola@yopmail.com,54,Charlotte Amalie,Japan,08-01-2020
987,Alleen,Milson,Alleen.Milson@yopmail.com,53,Dalian,Chile,02-08-1983
988,Harrietta,Hourigan,Harrietta.Hourigan@yopmail.com,31,Auckland,Timor-Leste,21-12-2003
989,Dulcinea,Raimondo,Dulcinea.Raimondo@yopmail.com,44,Lhasa,Uganda,03-11-2016
990,Catrina,Joachim,Catrina.Joachim@yopmail.com,40,Gothenburg,Swaziland,09-10-2015
991,Madeleine,Modie,Madeleine.Modie@yopmail.com,46,Memphis,Liberia,21-12-2018
992,Flory,Merat,Flory.Merat@yopmail.com,72,Andorra la Vella,Ghana,18-06-1950
993,Esmeralda,Sisile,Esmeralda.Sisile@yopmail.com,77,Indianapolis,Bhutan,30-09-1987
994,Maryellen,Docilla,Maryellen.Docilla@yopmail.com,74,Norilsk,Marshall Islands,12-08-2001
995,Gui,Colleen,Gui.Colleen@yopmail.com,85,Quebec City,Heard Island and Mcdonald Islands,08-07-1964
996,Mady,Demitria,Mady.Demitria@yopmail.com,65,Saint-Pierre,Botswana,13-12-2009
997,Celestyna,Marsden,Celestyna.Marsden@yopmail.com,19,Alofi,Bolivia,29-05-1965
998,Kristan,Poppy,Kristan.Poppy@yopmail.com,49,Yakutsk,Croatia,15-02-1950
999,Almeta,Moseley,Almeta.Moseley@yopmail.com,60,Mexicali,Gibraltar,16-08-1985
1000,Thalia,Kylander,Thalia.Kylander@yopmail.com,18,Mwanza,"Korea, Republic of",23-07-2016