1,Joeann,Kinnard,Joeann.Kinnard@yopmail.com,25,07-05-2015,Colombo,Equatorial Guinea
2,Brena,Fiann,Brena.Fiann@yopmail.com,64,05-08-1992,Nukus,"Virgin Islands, U.S."
3,Karena,Grayce,Karena.Grayce@yopmail.com,49,17-09-2006,Longyearbyen,Hungary
4,Odessa,Colp,Odessa.Colp@yopmail.com,53,15-08-1998,Xining,Georgia
5,Phedra,Maurine,Phedra.Maurine@yopmail.com,33,20-12-1986,Dededo,Norway
6,Melina,Ilka,Melina.Ilka@yopmail.com,68,12-01-2006,Fort-de-France,Philippines
7,Dyann,Wesle,Dyann.Wesle@yopmail.com,18,20-12-1973,Tbilisi,Nepal
8,Clarice,Oster,Clarice.Oster@yopmail.com,39,19-06-2011,Addis Ababa,"Iran, Islamic Republic Of"
9,Shirlee,Sothena,Shirlee.Sothena@yopmail.com,68,08-02-1963,Madrid,Brazil
10,Catrina,Merna,Catrina.Merna@yopmail.com,32,19-09-2002,Padang,China
11,Johna,Drus,Johna.Drus@yopmail.com,55,18-11-1989,Antananarivo,Singapore
12,Keelia,Dosia,Keelia.Dosia@yopmail.com,57,11-08-2010,Mexico City,Chad
13,Priscilla,Egbert,Priscilla.Egbert@yopmail.com,26,31-12-2013,Road Town,Austria
14,Nanete,Marsden,Nanete.Marsden@yopmail.com,32,09-02-1998,Hangzhou,Burkina Faso
15,Rosene,Haldas,Rosene.Haldas@yopmail.com,43,11-10-1975,Milan,"Tanzania, United Republic of"
16,Dyann,Raama,Dyann.Raama@yopmail.com,39,06-08-1987,Abu Dhabi,New Zealand
17,Christal,Gino,Christal.Gino@yopmail.com,58,06-12-1976,Detroit,Martinique
18,Caritta,Dudley,Caritta.Dudley@yopmail.com,70,31-01-1962,Houston,Congo
19,Malina,Vernier,Malina.Vernier@yopmail.com,66,15-12-2006,Samara,Indonesia
20,Briney,Lumbard,Briney.Lumbard@yopmail.com,46,15-04-1978,Pago Pago,Sri Lanka